-- MySQL dump 10.13  Distrib 5.7.26, for Win64 (x86_64)
--
-- Host: 127.0.0.1    Database: jab_project
-- ------------------------------------------------------
-- Server version	5.7.26

/*!40101 SET @OLD_CHARACTER_SET_CLIENT=@@CHARACTER_SET_CLIENT */;
/*!40101 SET @OLD_CHARACTER_SET_RESULTS=@@CHARACTER_SET_RESULTS */;
/*!40101 SET @OLD_COLLATION_CONNECTION=@@COLLATION_CONNECTION */;
/*!40101 SET NAMES utf8 */;
/*!40103 SET @OLD_TIME_ZONE=@@TIME_ZONE */;
/*!40103 SET TIME_ZONE='+00:00' */;
/*!40014 SET @OLD_UNIQUE_CHECKS=@@UNIQUE_CHECKS, UNIQUE_CHECKS=0 */;
/*!40014 SET @OLD_FOREIGN_KEY_CHECKS=@@FOREIGN_KEY_CHECKS, FOREIGN_KEY_CHECKS=0 */;
/*!40101 SET @OLD_SQL_MODE=@@SQL_MODE, SQL_MODE='NO_AUTO_VALUE_ON_ZERO' */;
/*!40111 SET @OLD_SQL_NOTES=@@SQL_NOTES, SQL_NOTES=0 */;

--
-- Table structure for table `alembic_version`
--

DROP TABLE IF EXISTS `alembic_version`;
/*!40101 SET @saved_cs_client     = @@character_set_client */;
/*!40101 SET character_set_client = utf8 */;
CREATE TABLE `alembic_version` (
  `version_num` varchar(32) NOT NULL,
  PRIMARY KEY (`version_num`)
) ENGINE=MyISAM DEFAULT CHARSET=utf8mb4;
/*!40101 SET character_set_client = @saved_cs_client */;

--
-- Dumping data for table `alembic_version`
--

LOCK TABLES `alembic_version` WRITE;
/*!40000 ALTER TABLE `alembic_version` DISABLE KEYS */;
INSERT INTO `alembic_version` VALUES ('2f7ac0f25f12');
/*!40000 ALTER TABLE `alembic_version` ENABLE KEYS */;
UNLOCK TABLES;

--
-- Table structure for table `bbs_article`
--

DROP TABLE IF EXISTS `bbs_article`;
/*!40101 SET @saved_cs_client     = @@character_set_client */;
/*!40101 SET character_set_client = utf8 */;
CREATE TABLE `bbs_article` (
  `id` int(11) NOT NULL AUTO_INCREMENT,
  `title` varchar(256) NOT NULL,
  `source` varchar(64) NOT NULL,
  `digest` varchar(512) NOT NULL,
  `content` text NOT NULL,
  `clicks` int(11) DEFAULT NULL,
  `index_image_url` varchar(256) DEFAULT NULL,
  `status` int(11) DEFAULT NULL,
  `reason` varchar(256) DEFAULT NULL,
  `category_id` int(11) DEFAULT NULL,
  `user_id` int(11) DEFAULT NULL,
  `create_time` datetime DEFAULT NULL,
  `update_time` datetime DEFAULT NULL,
  PRIMARY KEY (`id`),
  KEY `category_id` (`category_id`),
  KEY `user_id` (`user_id`)
) ENGINE=MyISAM AUTO_INCREMENT=351 DEFAULT CHARSET=utf8mb4;
/*!40101 SET character_set_client = @saved_cs_client */;

--
-- Dumping data for table `bbs_article`
--

LOCK TABLES `bbs_article` WRITE;
/*!40000 ALTER TABLE `bbs_article` DISABLE KEYS */;
INSERT INTO `bbs_article` VALUES (272,'Mia','Més enllà de la taula de classe','Més enllà de la taula de classe','En els últims anys, la tecnologia ha tingut un impacte revolucionari en molts àmbits de la nostra vida, incloent-hi educació. Les aules ja no són el lloc exclusiu on es produeix aprenentatge, sinó que la tecnologia ha obert noves oportunitats per aprendre des de qualsevol lloc i en qualsevol moment.',120,'https://cadenaser.com/resizer/63dcQM8CfNsiLHSiGTg-XcsEUeA=/736x552/filters:format(jpg):quality(70)/cloudfront-eu-central-1.images.arcpublishing.com/prisaradio/E7ZU2KQN6ZBEHAHE7QPOVHMJJM.jpg',0,'',3,18,'2018-01-17 22:30:23','2023-05-09 08:00:00'),(273,'Johnson','Més enllà de la taula de classe','Més enllà de la taula de classe','En els últims anys, la tecnologia ha tingut un impacte revolucionari en molts àmbits de la nostra vida, incloent-hi educació. Les aules ja no són el lloc exclusiu on es produeix aprenentatge, sinó que la tecnologia ha obert noves oportunitats per aprendre des de qualsevol lloc i en qualsevol moment.',143,'https://cadenaser.com/resizer/63dcQM8CfNsiLHSiGTg-XcsEUeA=/736x552/filters:format(jpg):quality(70)/cloudfront-eu-central-1.images.arcpublishing.com/prisaradio/E7ZU2KQN6ZBEHAHE7QPOVHMJJM.jpg',0,'',3,18,'2018-01-17 22:30:23','2023-05-09 08:00:00'),(274,'Johnson What?!!!','Més enllà de la taula de classe','Més enllà de la taula de classe','En els últims anys, la tecnologia ha tingut un impacte revolucionari en molts àmbits de la nostra vida, incloent-hi educació. Les aules ja no són el lloc exclusiu on es produeix aprenentatge, sinó que la tecnologia ha obert noves oportunitats per aprendre des de qualsevol lloc i en qualsevol moment.',132,'https://cadenaser.com/resizer/63dcQM8CfNsiLHSiGTg-XcsEUeA=/736x552/filters:format(jpg):quality(70)/cloudfront-eu-central-1.images.arcpublishing.com/prisaradio/E7ZU2KQN6ZBEHAHE7QPOVHMJJM.jpg',0,'',3,18,'2018-01-17 22:30:23','2023-05-09 08:00:00'),(275,'Que tal?','Més enllà de la taula de classe','Més enllà de la taula de classe','En els últims anys, la tecnologia ha tingut un impacte revolucionari en molts àmbits de la nostra vida, incloent-hi educació. Les aules ja no són el lloc exclusiu on es produeix aprenentatge, sinó que la tecnologia ha obert noves oportunitats per aprendre des de qualsevol lloc i en qualsevol moment.',106,'https://cadenaser.com/resizer/63dcQM8CfNsiLHSiGTg-XcsEUeA=/736x552/filters:format(jpg):quality(70)/cloudfront-eu-central-1.images.arcpublishing.com/prisaradio/E7ZU2KQN6ZBEHAHE7QPOVHMJJM.jpg',0,'',3,0,'2018-01-17 22:30:23','2023-05-09 08:00:00'),(276,'Chirimoya','Més enllà de la taula de classe','Més enllà de la taula de classe','En els últims anys, la tecnologia ha tingut un impacte revolucionari en molts àmbits de la nostra vida, incloent-hi educació. Les aules ja no són el lloc exclusiu on es produeix aprenentatge, sinó que la tecnologia ha obert noves oportunitats per aprendre des de qualsevol lloc i en qualsevol moment.',122,'https://cadenaser.com/resizer/63dcQM8CfNsiLHSiGTg-XcsEUeA=/736x552/filters:format(jpg):quality(70)/cloudfront-eu-central-1.images.arcpublishing.com/prisaradio/E7ZU2KQN6ZBEHAHE7QPOVHMJJM.jpg',0,'',3,0,'2018-01-17 22:30:23','2023-05-09 08:00:00'),(277,'Papaya','Més enllà de la taula de classe','Més enllà de la taula de classe','En els últims anys, la tecnologia ha tingut un impacte revolucionari en molts àmbits de la nostra vida, incloent-hi educació. Les aules ja no són el lloc exclusiu on es produeix aprenentatge, sinó que la tecnologia ha obert noves oportunitats per aprendre des de qualsevol lloc i en qualsevol moment.',176,'https://cadenaser.com/resizer/63dcQM8CfNsiLHSiGTg-XcsEUeA=/736x552/filters:format(jpg):quality(70)/cloudfront-eu-central-1.images.arcpublishing.com/prisaradio/E7ZU2KQN6ZBEHAHE7QPOVHMJJM.jpg',0,'',3,0,'2018-01-17 22:30:23','2023-05-09 08:00:00'),(278,'Fresa','Més enllà de la taula de classe','Més enllà de la taula de classe','En els últims anys, la tecnologia ha tingut un impacte revolucionari en molts àmbits de la nostra vida, incloent-hi educació. Les aules ja no són el lloc exclusiu on es produeix aprenentatge, sinó que la tecnologia ha obert noves oportunitats per aprendre des de qualsevol lloc i en qualsevol moment.',221,'https://cadenaser.com/resizer/63dcQM8CfNsiLHSiGTg-XcsEUeA=/736x552/filters:format(jpg):quality(70)/cloudfront-eu-central-1.images.arcpublishing.com/prisaradio/E7ZU2KQN6ZBEHAHE7QPOVHMJJM.jpg',0,'',3,0,'2018-01-17 22:30:23','2023-05-09 08:00:00'),(279,'Mario gana suerte','Més enllà de la taula de classe','Més enllà de la taula de classe','En els últims anys, la tecnologia ha tingut un impacte revolucionari en molts àmbits de la nostra vida, incloent-hi educació. Les aules ja no són el lloc exclusiu on es produeix aprenentatge, sinó que la tecnologia ha obert noves oportunitats per aprendre des de qualsevol lloc i en qualsevol moment.',135,'https://cadenaser.com/resizer/63dcQM8CfNsiLHSiGTg-XcsEUeA=/736x552/filters:format(jpg):quality(70)/cloudfront-eu-central-1.images.arcpublishing.com/prisaradio/E7ZU2KQN6ZBEHAHE7QPOVHMJJM.jpg',0,'',3,0,'2018-01-17 22:30:23','2023-05-09 08:00:00'),(280,'Que mal','Més enllà de la taula de classe','Més enllà de la taula de classe','En els últims anys, la tecnologia ha tingut un impacte revolucionari en molts àmbits de la nostra vida, incloent-hi educació. Les aules ja no són el lloc exclusiu on es produeix aprenentatge, sinó que la tecnologia ha obert noves oportunitats per aprendre des de qualsevol lloc i en qualsevol moment.',111,'https://cadenaser.com/resizer/63dcQM8CfNsiLHSiGTg-XcsEUeA=/736x552/filters:format(jpg):quality(70)/cloudfront-eu-central-1.images.arcpublishing.com/prisaradio/E7ZU2KQN6ZBEHAHE7QPOVHMJJM.jpg',0,'',3,0,'2018-01-17 22:30:23','2023-05-09 08:00:00'),(281,'Feliz navidad','Més enllà de la taula de classe','Més enllà de la taula de classe','En els últims anys, la tecnologia ha tingut un impacte revolucionari en molts àmbits de la nostra vida, incloent-hi educació. Les aules ja no són el lloc exclusiu on es produeix aprenentatge, sinó que la tecnologia ha obert noves oportunitats per aprendre des de qualsevol lloc i en qualsevol moment.',144,'https://cadenaser.com/resizer/63dcQM8CfNsiLHSiGTg-XcsEUeA=/736x552/filters:format(jpg):quality(70)/cloudfront-eu-central-1.images.arcpublishing.com/prisaradio/E7ZU2KQN6ZBEHAHE7QPOVHMJJM.jpg',0,'',3,0,'2018-01-17 22:30:23','2023-05-09 08:00:00'),(282,'uhhh, genial!!','Més enllà de la taula de classe','Més enllà de la taula de classe','En els últims anys, la tecnologia ha tingut un impacte revolucionari en molts àmbits de la nostra vida, incloent-hi educació. Les aules ja no són el lloc exclusiu on es produeix aprenentatge, sinó que la tecnologia ha obert noves oportunitats per aprendre des de qualsevol lloc i en qualsevol moment.',165,'https://cadenaser.com/resizer/63dcQM8CfNsiLHSiGTg-XcsEUeA=/736x552/filters:format(jpg):quality(70)/cloudfront-eu-central-1.images.arcpublishing.com/prisaradio/E7ZU2KQN6ZBEHAHE7QPOVHMJJM.jpg',0,'',3,0,'2018-01-17 22:30:23','2023-05-09 08:00:00'),(283,'Mia Johnson','Més enllà de la taula de classe','Més enllà de la taula de classe','En els últims anys, la tecnologia ha tingut un impacte revolucionari en molts àmbits de la nostra vida, incloent-hi educació. Les aules ja no són el lloc exclusiu on es produeix aprenentatge, sinó que la tecnologia ha obert noves oportunitats per aprendre des de qualsevol lloc i en qualsevol moment.',103,'https://cadenaser.com/resizer/63dcQM8CfNsiLHSiGTg-XcsEUeA=/736x552/filters:format(jpg):quality(70)/cloudfront-eu-central-1.images.arcpublishing.com/prisaradio/E7ZU2KQN6ZBEHAHE7QPOVHMJJM.jpg',0,'',3,0,'2018-01-17 22:30:23','2023-05-09 08:00:00'),(284,'Mia Johnson','Més enllà de la taula de classe','Més enllà de la taula de classe','En els últims anys, la tecnologia ha tingut un impacte revolucionari en molts àmbits de la nostra vida, incloent-hi educació. Les aules ja no són el lloc exclusiu on es produeix aprenentatge, sinó que la tecnologia ha obert noves oportunitats per aprendre des de qualsevol lloc i en qualsevol moment.',103,'https://cadenaser.com/resizer/63dcQM8CfNsiLHSiGTg-XcsEUeA=/736x552/filters:format(jpg):quality(70)/cloudfront-eu-central-1.images.arcpublishing.com/prisaradio/E7ZU2KQN6ZBEHAHE7QPOVHMJJM.jpg',0,'',3,0,'2018-01-17 22:30:23','2023-05-09 08:00:00'),(285,'Mia Johnson','Més enllà de la taula de classe','Més enllà de la taula de classe','En els últims anys, la tecnologia ha tingut un impacte revolucionari en molts àmbits de la nostra vida, incloent-hi educació. Les aules ja no són el lloc exclusiu on es produeix aprenentatge, sinó que la tecnologia ha obert noves oportunitats per aprendre des de qualsevol lloc i en qualsevol moment.',103,'https://cadenaser.com/resizer/63dcQM8CfNsiLHSiGTg-XcsEUeA=/736x552/filters:format(jpg):quality(70)/cloudfront-eu-central-1.images.arcpublishing.com/prisaradio/E7ZU2KQN6ZBEHAHE7QPOVHMJJM.jpg',0,'',3,0,'2018-01-17 22:30:23','2023-05-09 08:00:00'),(286,'Mia Johnson','Més enllà de la taula de classe','Més enllà de la taula de classe','En els últims anys, la tecnologia ha tingut un impacte revolucionari en molts àmbits de la nostra vida, incloent-hi educació. Les aules ja no són el lloc exclusiu on es produeix aprenentatge, sinó que la tecnologia ha obert noves oportunitats per aprendre des de qualsevol lloc i en qualsevol moment.',103,'https://cadenaser.com/resizer/63dcQM8CfNsiLHSiGTg-XcsEUeA=/736x552/filters:format(jpg):quality(70)/cloudfront-eu-central-1.images.arcpublishing.com/prisaradio/E7ZU2KQN6ZBEHAHE7QPOVHMJJM.jpg',0,'',3,0,'2018-01-17 22:30:23','2023-05-09 08:00:00'),(287,'Mia Johnson','Més enllà de la taula de classe','Més enllà de la taula de classe','En els últims anys, la tecnologia ha tingut un impacte revolucionari en molts àmbits de la nostra vida, incloent-hi educació. Les aules ja no són el lloc exclusiu on es produeix aprenentatge, sinó que la tecnologia ha obert noves oportunitats per aprendre des de qualsevol lloc i en qualsevol moment.',103,'https://cadenaser.com/resizer/63dcQM8CfNsiLHSiGTg-XcsEUeA=/736x552/filters:format(jpg):quality(70)/cloudfront-eu-central-1.images.arcpublishing.com/prisaradio/E7ZU2KQN6ZBEHAHE7QPOVHMJJM.jpg',0,'',3,0,'2018-01-17 22:30:23','2023-05-09 08:00:00'),(288,'Mia Johnson','Més enllà de la taula de classe','Més enllà de la taula de classe','En els últims anys, la tecnologia ha tingut un impacte revolucionari en molts àmbits de la nostra vida, incloent-hi educació. Les aules ja no són el lloc exclusiu on es produeix aprenentatge, sinó que la tecnologia ha obert noves oportunitats per aprendre des de qualsevol lloc i en qualsevol moment.',103,'https://cadenaser.com/resizer/63dcQM8CfNsiLHSiGTg-XcsEUeA=/736x552/filters:format(jpg):quality(70)/cloudfront-eu-central-1.images.arcpublishing.com/prisaradio/E7ZU2KQN6ZBEHAHE7QPOVHMJJM.jpg',0,'',3,0,'2018-01-17 22:30:23','2023-05-09 08:00:00'),(289,'Mia Johnson','Més enllà de la taula de classe','Més enllà de la taula de classe','En els últims anys, la tecnologia ha tingut un impacte revolucionari en molts àmbits de la nostra vida, incloent-hi educació. Les aules ja no són el lloc exclusiu on es produeix aprenentatge, sinó que la tecnologia ha obert noves oportunitats per aprendre des de qualsevol lloc i en qualsevol moment.',103,'https://cadenaser.com/resizer/63dcQM8CfNsiLHSiGTg-XcsEUeA=/736x552/filters:format(jpg):quality(70)/cloudfront-eu-central-1.images.arcpublishing.com/prisaradio/E7ZU2KQN6ZBEHAHE7QPOVHMJJM.jpg',0,'',3,0,'2018-01-17 22:30:23','2023-05-09 08:00:00'),(290,'Mia Johnson','Més enllà de la taula de classe','Més enllà de la taula de classe','En els últims anys, la tecnologia ha tingut un impacte revolucionari en molts àmbits de la nostra vida, incloent-hi educació. Les aules ja no són el lloc exclusiu on es produeix aprenentatge, sinó que la tecnologia ha obert noves oportunitats per aprendre des de qualsevol lloc i en qualsevol moment.',103,'https://cadenaser.com/resizer/63dcQM8CfNsiLHSiGTg-XcsEUeA=/736x552/filters:format(jpg):quality(70)/cloudfront-eu-central-1.images.arcpublishing.com/prisaradio/E7ZU2KQN6ZBEHAHE7QPOVHMJJM.jpg',0,'',3,0,'2018-01-17 22:30:23','2023-05-09 08:00:00'),(291,'Mia Johnson','Més enllà de la taula de classe','Més enllà de la taula de classe','En els últims anys, la tecnologia ha tingut un impacte revolucionari en molts àmbits de la nostra vida, incloent-hi educació. Les aules ja no són el lloc exclusiu on es produeix aprenentatge, sinó que la tecnologia ha obert noves oportunitats per aprendre des de qualsevol lloc i en qualsevol moment.',103,'https://cadenaser.com/resizer/63dcQM8CfNsiLHSiGTg-XcsEUeA=/736x552/filters:format(jpg):quality(70)/cloudfront-eu-central-1.images.arcpublishing.com/prisaradio/E7ZU2KQN6ZBEHAHE7QPOVHMJJM.jpg',0,'',3,0,'2018-01-17 22:30:23','2023-05-09 08:00:00'),(292,'Mia Johnson','Més enllà de la taula de classe','Més enllà de la taula de classe','En els últims anys, la tecnologia ha tingut un impacte revolucionari en molts àmbits de la nostra vida, incloent-hi educació. Les aules ja no són el lloc exclusiu on es produeix aprenentatge, sinó que la tecnologia ha obert noves oportunitats per aprendre des de qualsevol lloc i en qualsevol moment.',103,'https://cadenaser.com/resizer/63dcQM8CfNsiLHSiGTg-XcsEUeA=/736x552/filters:format(jpg):quality(70)/cloudfront-eu-central-1.images.arcpublishing.com/prisaradio/E7ZU2KQN6ZBEHAHE7QPOVHMJJM.jpg',0,'',3,0,'2018-01-17 22:30:23','2023-05-09 08:00:00'),(293,'Mia Johnson','Més enllà de la taula de classe','Més enllà de la taula de classe','En els últims anys, la tecnologia ha tingut un impacte revolucionari en molts àmbits de la nostra vida, incloent-hi educació. Les aules ja no són el lloc exclusiu on es produeix aprenentatge, sinó que la tecnologia ha obert noves oportunitats per aprendre des de qualsevol lloc i en qualsevol moment.',103,'https://cadenaser.com/resizer/63dcQM8CfNsiLHSiGTg-XcsEUeA=/736x552/filters:format(jpg):quality(70)/cloudfront-eu-central-1.images.arcpublishing.com/prisaradio/E7ZU2KQN6ZBEHAHE7QPOVHMJJM.jpg',0,'',3,0,'2018-01-17 22:30:23','2023-05-09 08:00:00'),(294,'Mia Johnson','Més enllà de la taula de classe','Més enllà de la taula de classe','En els últims anys, la tecnologia ha tingut un impacte revolucionari en molts àmbits de la nostra vida, incloent-hi educació. Les aules ja no són el lloc exclusiu on es produeix aprenentatge, sinó que la tecnologia ha obert noves oportunitats per aprendre des de qualsevol lloc i en qualsevol moment.',103,'https://cadenaser.com/resizer/63dcQM8CfNsiLHSiGTg-XcsEUeA=/736x552/filters:format(jpg):quality(70)/cloudfront-eu-central-1.images.arcpublishing.com/prisaradio/E7ZU2KQN6ZBEHAHE7QPOVHMJJM.jpg',0,'',3,0,'2018-01-17 22:30:23','2023-05-09 08:00:00'),(295,'Mia Johnson','Més enllà de la taula de classe','Més enllà de la taula de classe','En els últims anys, la tecnologia ha tingut un impacte revolucionari en molts àmbits de la nostra vida, incloent-hi educació. Les aules ja no són el lloc exclusiu on es produeix aprenentatge, sinó que la tecnologia ha obert noves oportunitats per aprendre des de qualsevol lloc i en qualsevol moment.',103,'https://cadenaser.com/resizer/63dcQM8CfNsiLHSiGTg-XcsEUeA=/736x552/filters:format(jpg):quality(70)/cloudfront-eu-central-1.images.arcpublishing.com/prisaradio/E7ZU2KQN6ZBEHAHE7QPOVHMJJM.jpg',0,'',3,0,'2018-01-17 22:30:23','2023-05-09 08:00:00'),(296,'Mia Johnson','Més enllà de la taula de classe','Més enllà de la taula de classe','En els últims anys, la tecnologia ha tingut un impacte revolucionari en molts àmbits de la nostra vida, incloent-hi educació. Les aules ja no són el lloc exclusiu on es produeix aprenentatge, sinó que la tecnologia ha obert noves oportunitats per aprendre des de qualsevol lloc i en qualsevol moment.',103,'https://cadenaser.com/resizer/63dcQM8CfNsiLHSiGTg-XcsEUeA=/736x552/filters:format(jpg):quality(70)/cloudfront-eu-central-1.images.arcpublishing.com/prisaradio/E7ZU2KQN6ZBEHAHE7QPOVHMJJM.jpg',0,'',3,0,'2018-01-17 22:30:23','2023-05-09 08:00:00'),(297,'Mia Johnson','Més enllà de la taula de classe','Més enllà de la taula de classe','En els últims anys, la tecnologia ha tingut un impacte revolucionari en molts àmbits de la nostra vida, incloent-hi educació. Les aules ja no són el lloc exclusiu on es produeix aprenentatge, sinó que la tecnologia ha obert noves oportunitats per aprendre des de qualsevol lloc i en qualsevol moment.',103,'https://cadenaser.com/resizer/63dcQM8CfNsiLHSiGTg-XcsEUeA=/736x552/filters:format(jpg):quality(70)/cloudfront-eu-central-1.images.arcpublishing.com/prisaradio/E7ZU2KQN6ZBEHAHE7QPOVHMJJM.jpg',0,'',3,0,'2018-01-17 22:30:23','2023-05-09 08:00:00'),(298,'Mia Johnson','Més enllà de la taula de classe','Més enllà de la taula de classe','En els últims anys, la tecnologia ha tingut un impacte revolucionari en molts àmbits de la nostra vida, incloent-hi educació. Les aules ja no són el lloc exclusiu on es produeix aprenentatge, sinó que la tecnologia ha obert noves oportunitats per aprendre des de qualsevol lloc i en qualsevol moment.',103,'https://www.casanovafoto.com/media/wysiwyg/pexels-muhammad-lutfy-3877619.jpg',0,'',2,0,'2018-01-17 22:30:23','2023-05-09 08:00:00'),(299,'Mia Johnson','Més enllà de la taula de classe','Més enllà de la taula de classe','En els últims anys, la tecnologia ha tingut un impacte revolucionari en molts àmbits de la nostra vida, incloent-hi educació. Les aules ja no són el lloc exclusiu on es produeix aprenentatge, sinó que la tecnologia ha obert noves oportunitats per aprendre des de qualsevol lloc i en qualsevol moment.',103,'https://www.casanovafoto.com/media/wysiwyg/pexels-muhammad-lutfy-3877619.jpg',0,'',2,0,'2018-01-17 22:30:23','2023-05-09 08:00:00'),(300,'Mia Johnson','Més enllà de la taula de classe','Més enllà de la taula de classe','En els últims anys, la tecnologia ha tingut un impacte revolucionari en molts àmbits de la nostra vida, incloent-hi educació. Les aules ja no són el lloc exclusiu on es produeix aprenentatge, sinó que la tecnologia ha obert noves oportunitats per aprendre des de qualsevol lloc i en qualsevol moment.',103,'https://www.casanovafoto.com/media/wysiwyg/pexels-muhammad-lutfy-3877619.jpg',0,'',2,0,'2018-01-17 22:30:23','2023-05-09 08:00:00'),(301,'Mia Johnson','Més enllà de la taula de classe','Més enllà de la taula de classe','En els últims anys, la tecnologia ha tingut un impacte revolucionari en molts àmbits de la nostra vida, incloent-hi educació. Les aules ja no són el lloc exclusiu on es produeix aprenentatge, sinó que la tecnologia ha obert noves oportunitats per aprendre des de qualsevol lloc i en qualsevol moment.',103,'https://www.casanovafoto.com/media/wysiwyg/pexels-muhammad-lutfy-3877619.jpg',0,'',2,0,'2018-01-17 22:30:23','2023-05-09 08:00:00'),(302,'Mia Johnson','Més enllà de la taula de classe','Més enllà de la taula de classe','En els últims anys, la tecnologia ha tingut un impacte revolucionari en molts àmbits de la nostra vida, incloent-hi educació. Les aules ja no són el lloc exclusiu on es produeix aprenentatge, sinó que la tecnologia ha obert noves oportunitats per aprendre des de qualsevol lloc i en qualsevol moment.',103,'https://www.casanovafoto.com/media/wysiwyg/pexels-muhammad-lutfy-3877619.jpg',0,'',2,0,'2018-01-17 22:30:23','2023-05-09 08:00:00'),(303,'Mia Johnson','Més enllà de la taula de classe','Més enllà de la taula de classe','En els últims anys, la tecnologia ha tingut un impacte revolucionari en molts àmbits de la nostra vida, incloent-hi educació. Les aules ja no són el lloc exclusiu on es produeix aprenentatge, sinó que la tecnologia ha obert noves oportunitats per aprendre des de qualsevol lloc i en qualsevol moment.',103,'https://www.casanovafoto.com/media/wysiwyg/pexels-muhammad-lutfy-3877619.jpg',0,'',2,0,'2018-01-17 22:30:23','2023-05-09 08:00:00'),(304,'Mia Johnson','Més enllà de la taula de classe','Més enllà de la taula de classe','En els últims anys, la tecnologia ha tingut un impacte revolucionari en molts àmbits de la nostra vida, incloent-hi educació. Les aules ja no són el lloc exclusiu on es produeix aprenentatge, sinó que la tecnologia ha obert noves oportunitats per aprendre des de qualsevol lloc i en qualsevol moment.',103,'https://www.casanovafoto.com/media/wysiwyg/pexels-muhammad-lutfy-3877619.jpg',0,'',2,0,'2018-01-17 22:30:23','2023-05-09 08:00:00'),(305,'Mia Johnson','Més enllà de la taula de classe','Més enllà de la taula de classe','En els últims anys, la tecnologia ha tingut un impacte revolucionari en molts àmbits de la nostra vida, incloent-hi educació. Les aules ja no són el lloc exclusiu on es produeix aprenentatge, sinó que la tecnologia ha obert noves oportunitats per aprendre des de qualsevol lloc i en qualsevol moment.',103,'https://www.casanovafoto.com/media/wysiwyg/pexels-muhammad-lutfy-3877619.jpg',0,'',2,0,'2018-01-17 22:30:23','2023-05-09 08:00:00'),(306,'Mia Johnson','Més enllà de la taula de classe','Més enllà de la taula de classe','En els últims anys, la tecnologia ha tingut un impacte revolucionari en molts àmbits de la nostra vida, incloent-hi educació. Les aules ja no són el lloc exclusiu on es produeix aprenentatge, sinó que la tecnologia ha obert noves oportunitats per aprendre des de qualsevol lloc i en qualsevol moment.',103,'https://www.casanovafoto.com/media/wysiwyg/pexels-muhammad-lutfy-3877619.jpg',0,'',2,0,'2018-01-17 22:30:23','2023-05-09 08:00:00'),(307,'Mia Johnson','Més enllà de la taula de classe','Més enllà de la taula de classe','En els últims anys, la tecnologia ha tingut un impacte revolucionari en molts àmbits de la nostra vida, incloent-hi educació. Les aules ja no són el lloc exclusiu on es produeix aprenentatge, sinó que la tecnologia ha obert noves oportunitats per aprendre des de qualsevol lloc i en qualsevol moment.',103,'https://www.casanovafoto.com/media/wysiwyg/pexels-muhammad-lutfy-3877619.jpg',0,'',2,0,'2018-01-17 22:30:23','2023-05-09 08:00:00'),(308,'Mia Johnson','Més enllà de la taula de classe','Més enllà de la taula de classe','En els últims anys, la tecnologia ha tingut un impacte revolucionari en molts àmbits de la nostra vida, incloent-hi educació. Les aules ja no són el lloc exclusiu on es produeix aprenentatge, sinó que la tecnologia ha obert noves oportunitats per aprendre des de qualsevol lloc i en qualsevol moment.',103,'https://www.casanovafoto.com/media/wysiwyg/pexels-muhammad-lutfy-3877619.jpg',0,'',2,0,'2018-01-17 22:30:23','2023-05-09 08:00:00'),(309,'Mia Johnson','Més enllà de la taula de classe','Més enllà de la taula de classe','En els últims anys, la tecnologia ha tingut un impacte revolucionari en molts àmbits de la nostra vida, incloent-hi educació. Les aules ja no són el lloc exclusiu on es produeix aprenentatge, sinó que la tecnologia ha obert noves oportunitats per aprendre des de qualsevol lloc i en qualsevol moment.',103,'https://www.casanovafoto.com/media/wysiwyg/pexels-muhammad-lutfy-3877619.jpg',0,'',2,0,'2018-01-17 22:30:23','2023-05-09 08:00:00'),(310,'Mia Johnson','Més enllà de la taula de classe','Més enllà de la taula de classe','En els últims anys, la tecnologia ha tingut un impacte revolucionari en molts àmbits de la nostra vida, incloent-hi educació. Les aules ja no són el lloc exclusiu on es produeix aprenentatge, sinó que la tecnologia ha obert noves oportunitats per aprendre des de qualsevol lloc i en qualsevol moment.',103,'https://www.casanovafoto.com/media/wysiwyg/pexels-muhammad-lutfy-3877619.jpg',0,'',2,0,'2018-01-17 22:30:23','2023-05-09 08:00:00'),(311,'Mia Johnson','Més enllà de la taula de classe','Més enllà de la taula de classe','En els últims anys, la tecnologia ha tingut un impacte revolucionari en molts àmbits de la nostra vida, incloent-hi educació. Les aules ja no són el lloc exclusiu on es produeix aprenentatge, sinó que la tecnologia ha obert noves oportunitats per aprendre des de qualsevol lloc i en qualsevol moment.',103,'https://www.casanovafoto.com/media/wysiwyg/pexels-muhammad-lutfy-3877619.jpg',0,'',2,0,'2018-01-17 22:30:23','2023-05-09 08:00:00'),(312,'Mia Johnson','Més enllà de la taula de classe','Més enllà de la taula de classe','En els últims anys, la tecnologia ha tingut un impacte revolucionari en molts àmbits de la nostra vida, incloent-hi educació. Les aules ja no són el lloc exclusiu on es produeix aprenentatge, sinó que la tecnologia ha obert noves oportunitats per aprendre des de qualsevol lloc i en qualsevol moment.',103,'https://www.casanovafoto.com/media/wysiwyg/pexels-muhammad-lutfy-3877619.jpg',0,'',2,0,'2018-01-17 22:30:23','2023-05-09 08:00:00'),(313,'Mia Johnson','Més enllà de la taula de classe','Més enllà de la taula de classe','En els últims anys, la tecnologia ha tingut un impacte revolucionari en molts àmbits de la nostra vida, incloent-hi educació. Les aules ja no són el lloc exclusiu on es produeix aprenentatge, sinó que la tecnologia ha obert noves oportunitats per aprendre des de qualsevol lloc i en qualsevol moment.',103,'https://www.casanovafoto.com/media/wysiwyg/pexels-muhammad-lutfy-3877619.jpg',0,'',2,0,'2018-01-17 22:30:23','2023-05-09 08:00:00'),(350,'tecno','Persina-yu','tecnolo','<p>El&nbsp;<strong>electromagnetismo</strong>&nbsp;es la rama de la&nbsp;<a title=\"F&iacute;sica\" href=\"https://es.wikipedia.org/wiki/F%C3%ADsica\">f&iacute;sica</a>&nbsp;que estudia y unifica los fen&oacute;menos&nbsp;<a title=\"Electricidad\" href=\"https://es.wikipedia.org/wiki/Electricidad\">el&eacute;ctricos</a>&nbsp;y&nbsp;<a title=\"Magnetismo\" href=\"https://es.wikipedia.org/wiki/Magnetismo\">magn&eacute;ticos</a>&nbsp;en una sola teor&iacute;a. El electromagnetismo describe la interacci&oacute;n de part&iacute;culas cargadas con&nbsp;<a title=\"Campo el&eacute;ctrico\" href=\"https://es.wikipedia.org/wiki/Campo_el%C3%A9ctrico\">campos el&eacute;ctricos</a>&nbsp;y&nbsp;<a title=\"Campo magn&eacute;tico\" href=\"https://es.wikipedia.org/wiki/Campo_magn%C3%A9tico\">magn&eacute;ticos</a>. La&nbsp;<a class=\"mw-redirect\" title=\"Interacci&oacute;n electromagn&eacute;tica\" href=\"https://es.wikipedia.org/wiki/Interacci%C3%B3n_electromagn%C3%A9tica\">interacci&oacute;n electromagn&eacute;tica</a>&nbsp;es una de las cuatro&nbsp;<a title=\"Interacciones fundamentales\" href=\"https://es.wikipedia.org/wiki/Interacciones_fundamentales\">fuerzas fundamentales</a>&nbsp;del universo conocido. Las part&iacute;culas cargadas interact&uacute;an electromagn&eacute;ticamente mediante el intercambio de&nbsp;<a title=\"Fot&oacute;n\" href=\"https://es.wikipedia.org/wiki/Fot%C3%B3n\">fotones</a>.</p>\n<p>El electromagnetismo abarca diversos fen&oacute;menos del mundo real, como por ejemplo la&nbsp;<a title=\"Luz\" href=\"https://es.wikipedia.org/wiki/Luz\">luz</a>. La luz es un&nbsp;<a title=\"Campo electromagn&eacute;tico\" href=\"https://es.wikipedia.org/wiki/Campo_electromagn%C3%A9tico\">campo electromagn&eacute;tico</a>&nbsp;oscilante que se irradia desde part&iacute;culas cargadas aceleradas. Aparte de la gravedad, la mayor&iacute;a de las fuerzas en la experiencia cotidiana son consecuencia de electromagnetismo.</p>\n<p>Los principios del electromagnetismo encuentran aplicaciones en diversas disciplinas afines, tales como las&nbsp;<a title=\"Microondas\" href=\"https://es.wikipedia.org/wiki/Microondas\">microondas</a>,&nbsp;<a title=\"Antena\" href=\"https://es.wikipedia.org/wiki/Antena\">antenas</a>,&nbsp;<a title=\"M&aacute;quina el&eacute;ctrica\" href=\"https://es.wikipedia.org/wiki/M%C3%A1quina_el%C3%A9ctrica\">m&aacute;quinas el&eacute;ctricas</a>, comunicaciones por&nbsp;<a title=\"Sat&eacute;lite de comunicaciones\" href=\"https://es.wikipedia.org/wiki/Sat%C3%A9lite_de_comunicaciones\">sat&eacute;lite</a>,&nbsp;<a title=\"Bioelectromagnetismo\" href=\"https://es.wikipedia.org/wiki/Bioelectromagnetismo\">bioelectromagnetismo</a>,&nbsp;<a title=\"Plasma (estado de la materia)\" href=\"https://es.wikipedia.org/wiki/Plasma_(estado_de_la_materia)\">plasmas</a>,&nbsp;<a title=\"F&iacute;sica nuclear\" href=\"https://es.wikipedia.org/wiki/F%C3%ADsica_nuclear\">investigaci&oacute;n nuclear</a>, la&nbsp;<a title=\"Fibra &oacute;ptica\" href=\"https://es.wikipedia.org/wiki/Fibra_%C3%B3ptica\">fibra &oacute;ptica</a>, la interferencia y la compatibilidad electromagn&eacute;ticas, la conversi&oacute;n de energ&iacute;a electromec&aacute;nica, la&nbsp;<a title=\"Meteorolog&iacute;a\" href=\"https://es.wikipedia.org/wiki/Meteorolog%C3%ADa\">meteorolog&iacute;a</a>&nbsp;por&nbsp;<a title=\"Radar\" href=\"https://es.wikipedia.org/wiki/Radar\">radar</a>, y la observaci&oacute;n remota. Los dispositivos electromagn&eacute;ticos incluyen&nbsp;<a title=\"Transformador\" href=\"https://es.wikipedia.org/wiki/Transformador\">transformadores</a>,&nbsp;<a class=\"mw-redirect\" title=\"Rel&eacute;s\" href=\"https://es.wikipedia.org/wiki/Rel%C3%A9s\">rel&eacute;s</a>,&nbsp;<a title=\"Radio (medio de comunicaci&oacute;n)\" href=\"https://es.wikipedia.org/wiki/Radio_(medio_de_comunicaci%C3%B3n)\">radio</a>/<a title=\"Televisi&oacute;n\" href=\"https://es.wikipedia.org/wiki/Televisi%C3%B3n\">TV</a>,&nbsp;<a title=\"Tel&eacute;fono\" href=\"https://es.wikipedia.org/wiki/Tel%C3%A9fono\">tel&eacute;fonos</a>, motores el&eacute;ctricos, l&iacute;neas de transmisi&oacute;n, gu&iacute;as de onda y&nbsp;<a title=\"L&aacute;ser\" href=\"https://es.wikipedia.org/wiki/L%C3%A1ser\">l&aacute;seres</a>.</p>',0,'static/images/user_pic.png',0,NULL,2,18,'2023-05-18 12:33:22','2023-05-18 12:33:22'),(314,'Mia Johnson','Més enllà de la taula de classe','Més enllà de la taula de classe','En els últims anys, la tecnologia ha tingut un impacte revolucionari en molts àmbits de la nostra vida, incloent-hi educació. Les aules ja no són el lloc exclusiu on es produeix aprenentatge, sinó que la tecnologia ha obert noves oportunitats per aprendre des de qualsevol lloc i en qualsevol moment.',103,'https://www.casanovafoto.com/media/wysiwyg/pexels-muhammad-lutfy-3877619.jpg',0,'',2,0,'2018-01-17 22:30:23','2023-05-09 08:00:00'),(315,'Mia Johnson','Més enllà de la taula de classe','Més enllà de la taula de classe','En els últims anys, la tecnologia ha tingut un impacte revolucionari en molts àmbits de la nostra vida, incloent-hi educació. Les aules ja no són el lloc exclusiu on es produeix aprenentatge, sinó que la tecnologia ha obert noves oportunitats per aprendre des de qualsevol lloc i en qualsevol moment.',103,'https://www.casanovafoto.com/media/wysiwyg/pexels-muhammad-lutfy-3877619.jpg',0,'',2,0,'2018-01-17 22:30:23','2023-05-09 08:00:00'),(316,'Mia Johnson','Més enllà de la taula de classe','Més enllà de la taula de classe','En els últims anys, la tecnologia ha tingut un impacte revolucionari en molts àmbits de la nostra vida, incloent-hi educació. Les aules ja no són el lloc exclusiu on es produeix aprenentatge, sinó que la tecnologia ha obert noves oportunitats per aprendre des de qualsevol lloc i en qualsevol moment.',103,'https://www.casanovafoto.com/media/wysiwyg/pexels-muhammad-lutfy-3877619.jpg',0,'',2,0,'2018-01-17 22:30:23','2023-05-09 08:00:00'),(317,'Mia Johnson','Més enllà de la taula de classe','Més enllà de la taula de classe','En els últims anys, la tecnologia ha tingut un impacte revolucionari en molts àmbits de la nostra vida, incloent-hi educació. Les aules ja no són el lloc exclusiu on es produeix aprenentatge, sinó que la tecnologia ha obert noves oportunitats per aprendre des de qualsevol lloc i en qualsevol moment.',103,'https://www.casanovafoto.com/media/wysiwyg/pexels-muhammad-lutfy-3877619.jpg',0,'',2,0,'2018-01-17 22:30:23','2023-05-09 08:00:00'),(318,'Mia Johnson','Més enllà de la taula de classe','Més enllà de la taula de classe','En els últims anys, la tecnologia ha tingut un impacte revolucionari en molts àmbits de la nostra vida, incloent-hi educació. Les aules ja no són el lloc exclusiu on es produeix aprenentatge, sinó que la tecnologia ha obert noves oportunitats per aprendre des de qualsevol lloc i en qualsevol moment.',103,'https://www.casanovafoto.com/media/wysiwyg/pexels-muhammad-lutfy-3877619.jpg',0,'',2,0,'2018-01-17 22:30:23','2023-05-09 08:00:00'),(319,'Mia Johnson','Més enllà de la taula de classe','Més enllà de la taula de classe','En els últims anys, la tecnologia ha tingut un impacte revolucionari en molts àmbits de la nostra vida, incloent-hi educació. Les aules ja no són el lloc exclusiu on es produeix aprenentatge, sinó que la tecnologia ha obert noves oportunitats per aprendre des de qualsevol lloc i en qualsevol moment.',103,'https://www.casanovafoto.com/media/wysiwyg/pexels-muhammad-lutfy-3877619.jpg',0,'',2,0,'2018-01-17 22:30:23','2023-05-09 08:00:00'),(320,'Mia Johnson','Més enllà de la taula de classe','Més enllà de la taula de classe','En els últims anys, la tecnologia ha tingut un impacte revolucionari en molts àmbits de la nostra vida, incloent-hi educació. Les aules ja no són el lloc exclusiu on es produeix aprenentatge, sinó que la tecnologia ha obert noves oportunitats per aprendre des de qualsevol lloc i en qualsevol moment.',103,'https://www.casanovafoto.com/media/wysiwyg/pexels-muhammad-lutfy-3877619.jpg',0,'',2,0,'2018-01-17 22:30:23','2023-05-09 08:00:00'),(321,'Mia Johnson','Més enllà de la taula de classe','Més enllà de la taula de classe','En els últims anys, la tecnologia ha tingut un impacte revolucionari en molts àmbits de la nostra vida, incloent-hi educació. Les aules ja no són el lloc exclusiu on es produeix aprenentatge, sinó que la tecnologia ha obert noves oportunitats per aprendre des de qualsevol lloc i en qualsevol moment.',103,'https://www.casanovafoto.com/media/wysiwyg/pexels-muhammad-lutfy-3877619.jpg',0,'',2,0,'2018-01-17 22:30:23','2023-05-09 08:00:00'),(322,'Mia Johnson','Més enllà de la taula de classe','Més enllà de la taula de classe','En els últims anys, la tecnologia ha tingut un impacte revolucionari en molts àmbits de la nostra vida, incloent-hi educació. Les aules ja no són el lloc exclusiu on es produeix aprenentatge, sinó que la tecnologia ha obert noves oportunitats per aprendre des de qualsevol lloc i en qualsevol moment.',103,'https://www.casanovafoto.com/media/wysiwyg/pexels-muhammad-lutfy-3877619.jpg',0,'',2,0,'2018-01-17 22:30:23','2023-05-09 08:00:00'),(323,'Mia Johnson','Més enllà de la taula de classe','Més enllà de la taula de classe','En els últims anys, la tecnologia ha tingut un impacte revolucionari en molts àmbits de la nostra vida, incloent-hi educació. Les aules ja no són el lloc exclusiu on es produeix aprenentatge, sinó que la tecnologia ha obert noves oportunitats per aprendre des de qualsevol lloc i en qualsevol moment.',103,'https://www.casanovafoto.com/media/wysiwyg/pexels-muhammad-lutfy-3877619.jpg',0,'',2,0,'2018-01-17 22:30:23','2023-05-09 08:00:00'),(324,'Mia Johnson','Més enllà de la taula de classe','Més enllà de la taula de classe','En els últims anys, la tecnologia ha tingut un impacte revolucionari en molts àmbits de la nostra vida, incloent-hi educació. Les aules ja no són el lloc exclusiu on es produeix aprenentatge, sinó que la tecnologia ha obert noves oportunitats per aprendre des de qualsevol lloc i en qualsevol moment.',103,'http://mmbiz-qpic.wallstcn.com/mmbiz_jpg/ac9HVYE3uMI1icProqPbLxa7EdqfL7gYEjPSt8jJZULic937Ootlrlgk0TmviaU5NFZwgsssVPuljRpF0VrYbKkibw/0?wx_fmt=jpeg\n',0,'',1,0,'2018-01-17 22:30:23','2023-05-09 08:00:00'),(325,'Mia Johnson','Més enllà de la taula de classe','Més enllà de la taula de classe','En els últims anys, la tecnologia ha tingut un impacte revolucionari en molts àmbits de la nostra vida, incloent-hi educació. Les aules ja no són el lloc exclusiu on es produeix aprenentatge, sinó que la tecnologia ha obert noves oportunitats per aprendre des de qualsevol lloc i en qualsevol moment.',103,'http://mmbiz-qpic.wallstcn.com/mmbiz_jpg/ac9HVYE3uMI1icProqPbLxa7EdqfL7gYEjPSt8jJZULic937Ootlrlgk0TmviaU5NFZwgsssVPuljRpF0VrYbKkibw/0?wx_fmt=jpeg\n',0,'',1,0,'2018-01-17 22:30:23','2023-05-09 08:00:00'),(326,'Mia Johnson','Més enllà de la taula de classe','Més enllà de la taula de classe','En els últims anys, la tecnologia ha tingut un impacte revolucionari en molts àmbits de la nostra vida, incloent-hi educació. Les aules ja no són el lloc exclusiu on es produeix aprenentatge, sinó que la tecnologia ha obert noves oportunitats per aprendre des de qualsevol lloc i en qualsevol moment.',103,'http://mmbiz-qpic.wallstcn.com/mmbiz_jpg/ac9HVYE3uMI1icProqPbLxa7EdqfL7gYEjPSt8jJZULic937Ootlrlgk0TmviaU5NFZwgsssVPuljRpF0VrYbKkibw/0?wx_fmt=jpeg\n',0,'',1,0,'2018-01-17 22:30:23','2023-05-09 08:00:00'),(327,'Mia Johnson','Més enllà de la taula de classe','Més enllà de la taula de classe','En els últims anys, la tecnologia ha tingut un impacte revolucionari en molts àmbits de la nostra vida, incloent-hi educació. Les aules ja no són el lloc exclusiu on es produeix aprenentatge, sinó que la tecnologia ha obert noves oportunitats per aprendre des de qualsevol lloc i en qualsevol moment.',103,'http://mmbiz-qpic.wallstcn.com/mmbiz_jpg/ac9HVYE3uMI1icProqPbLxa7EdqfL7gYEjPSt8jJZULic937Ootlrlgk0TmviaU5NFZwgsssVPuljRpF0VrYbKkibw/0?wx_fmt=jpeg\n',0,'',1,0,'2018-01-17 22:30:23','2023-05-09 08:00:00'),(328,'Mia Johnson','Més enllà de la taula de classe','Més enllà de la taula de classe','En els últims anys, la tecnologia ha tingut un impacte revolucionari en molts àmbits de la nostra vida, incloent-hi educació. Les aules ja no són el lloc exclusiu on es produeix aprenentatge, sinó que la tecnologia ha obert noves oportunitats per aprendre des de qualsevol lloc i en qualsevol moment.',103,'http://mmbiz-qpic.wallstcn.com/mmbiz_jpg/ac9HVYE3uMI1icProqPbLxa7EdqfL7gYEjPSt8jJZULic937Ootlrlgk0TmviaU5NFZwgsssVPuljRpF0VrYbKkibw/0?wx_fmt=jpeg\n',0,'',1,0,'2018-01-17 22:30:23','2023-05-09 08:00:00'),(329,'Mia Johnson','Més enllà de la taula de classe','Més enllà de la taula de classe','En els últims anys, la tecnologia ha tingut un impacte revolucionari en molts àmbits de la nostra vida, incloent-hi educació. Les aules ja no són el lloc exclusiu on es produeix aprenentatge, sinó que la tecnologia ha obert noves oportunitats per aprendre des de qualsevol lloc i en qualsevol moment.',103,'http://mmbiz-qpic.wallstcn.com/mmbiz_jpg/ac9HVYE3uMI1icProqPbLxa7EdqfL7gYEjPSt8jJZULic937Ootlrlgk0TmviaU5NFZwgsssVPuljRpF0VrYbKkibw/0?wx_fmt=jpeg\n',0,'',1,0,'2018-01-17 22:30:23','2023-05-09 08:00:00'),(330,'Mia Johnson','Més enllà de la taula de classe','Més enllà de la taula de classe','En els últims anys, la tecnologia ha tingut un impacte revolucionari en molts àmbits de la nostra vida, incloent-hi educació. Les aules ja no són el lloc exclusiu on es produeix aprenentatge, sinó que la tecnologia ha obert noves oportunitats per aprendre des de qualsevol lloc i en qualsevol moment.',103,'http://mmbiz-qpic.wallstcn.com/mmbiz_jpg/ac9HVYE3uMI1icProqPbLxa7EdqfL7gYEjPSt8jJZULic937Ootlrlgk0TmviaU5NFZwgsssVPuljRpF0VrYbKkibw/0?wx_fmt=jpeg\n',0,'',1,0,'2018-01-17 22:30:23','2023-05-09 08:00:00'),(331,'Mia Johnson','Més enllà de la taula de classe','Més enllà de la taula de classe','En els últims anys, la tecnologia ha tingut un impacte revolucionari en molts àmbits de la nostra vida, incloent-hi educació. Les aules ja no són el lloc exclusiu on es produeix aprenentatge, sinó que la tecnologia ha obert noves oportunitats per aprendre des de qualsevol lloc i en qualsevol moment.',103,'http://mmbiz-qpic.wallstcn.com/mmbiz_jpg/ac9HVYE3uMI1icProqPbLxa7EdqfL7gYEjPSt8jJZULic937Ootlrlgk0TmviaU5NFZwgsssVPuljRpF0VrYbKkibw/0?wx_fmt=jpeg\n',0,'',1,0,'2018-01-17 22:30:23','2023-05-09 08:00:00'),(332,'Mia Johnson','Més enllà de la taula de classe','Més enllà de la taula de classe','En els últims anys, la tecnologia ha tingut un impacte revolucionari en molts àmbits de la nostra vida, incloent-hi educació. Les aules ja no són el lloc exclusiu on es produeix aprenentatge, sinó que la tecnologia ha obert noves oportunitats per aprendre des de qualsevol lloc i en qualsevol moment.',103,'http://mmbiz-qpic.wallstcn.com/mmbiz_jpg/ac9HVYE3uMI1icProqPbLxa7EdqfL7gYEjPSt8jJZULic937Ootlrlgk0TmviaU5NFZwgsssVPuljRpF0VrYbKkibw/0?wx_fmt=jpeg\n',0,'',1,0,'2018-01-17 22:30:23','2023-05-09 08:00:00'),(333,'Mia Johnson','Més enllà de la taula de classe','Més enllà de la taula de classe','En els últims anys, la tecnologia ha tingut un impacte revolucionari en molts àmbits de la nostra vida, incloent-hi educació. Les aules ja no són el lloc exclusiu on es produeix aprenentatge, sinó que la tecnologia ha obert noves oportunitats per aprendre des de qualsevol lloc i en qualsevol moment.',103,'http://mmbiz-qpic.wallstcn.com/mmbiz_jpg/ac9HVYE3uMI1icProqPbLxa7EdqfL7gYEjPSt8jJZULic937Ootlrlgk0TmviaU5NFZwgsssVPuljRpF0VrYbKkibw/0?wx_fmt=jpeg\n',0,'',1,0,'2018-01-17 22:30:23','2023-05-09 08:00:00'),(334,'Mia Johnson','Més enllà de la taula de classe','Més enllà de la taula de classe','En els últims anys, la tecnologia ha tingut un impacte revolucionari en molts àmbits de la nostra vida, incloent-hi educació. Les aules ja no són el lloc exclusiu on es produeix aprenentatge, sinó que la tecnologia ha obert noves oportunitats per aprendre des de qualsevol lloc i en qualsevol moment.',103,'http://mmbiz-qpic.wallstcn.com/mmbiz_jpg/ac9HVYE3uMI1icProqPbLxa7EdqfL7gYEjPSt8jJZULic937Ootlrlgk0TmviaU5NFZwgsssVPuljRpF0VrYbKkibw/0?wx_fmt=jpeg\n',0,'',1,0,'2018-01-17 22:30:23','2023-05-09 08:00:00'),(335,'Mia Johnson','Més enllà de la taula de classe','Més enllà de la taula de classe','En els últims anys, la tecnologia ha tingut un impacte revolucionari en molts àmbits de la nostra vida, incloent-hi educació. Les aules ja no són el lloc exclusiu on es produeix aprenentatge, sinó que la tecnologia ha obert noves oportunitats per aprendre des de qualsevol lloc i en qualsevol moment.',103,'http://mmbiz-qpic.wallstcn.com/mmbiz_jpg/ac9HVYE3uMI1icProqPbLxa7EdqfL7gYEjPSt8jJZULic937Ootlrlgk0TmviaU5NFZwgsssVPuljRpF0VrYbKkibw/0?wx_fmt=jpeg\n',0,'',1,0,'2018-01-17 22:30:23','2023-05-09 08:00:00'),(336,'Mia Johnson','Més enllà de la taula de classe','Més enllà de la taula de classe','En els últims anys, la tecnologia ha tingut un impacte revolucionari en molts àmbits de la nostra vida, incloent-hi educació. Les aules ja no són el lloc exclusiu on es produeix aprenentatge, sinó que la tecnologia ha obert noves oportunitats per aprendre des de qualsevol lloc i en qualsevol moment.',103,'http://mmbiz-qpic.wallstcn.com/mmbiz_jpg/ac9HVYE3uMI1icProqPbLxa7EdqfL7gYEjPSt8jJZULic937Ootlrlgk0TmviaU5NFZwgsssVPuljRpF0VrYbKkibw/0?wx_fmt=jpeg\n',0,'',1,0,'2018-01-17 22:30:23','2023-05-09 08:00:00'),(337,'Mia Johnson','Més enllà de la taula de classe','Més enllà de la taula de classe','En els últims anys, la tecnologia ha tingut un impacte revolucionari en molts àmbits de la nostra vida, incloent-hi educació. Les aules ja no són el lloc exclusiu on es produeix aprenentatge, sinó que la tecnologia ha obert noves oportunitats per aprendre des de qualsevol lloc i en qualsevol moment.',103,'http://mmbiz-qpic.wallstcn.com/mmbiz_jpg/ac9HVYE3uMI1icProqPbLxa7EdqfL7gYEjPSt8jJZULic937Ootlrlgk0TmviaU5NFZwgsssVPuljRpF0VrYbKkibw/0?wx_fmt=jpeg\n',0,'',1,0,'2018-01-17 22:30:23','2023-05-09 08:00:00'),(338,'Mia Johnson','Més enllà de la taula de classe','Més enllà de la taula de classe','En els últims anys, la tecnologia ha tingut un impacte revolucionari en molts àmbits de la nostra vida, incloent-hi educació. Les aules ja no són el lloc exclusiu on es produeix aprenentatge, sinó que la tecnologia ha obert noves oportunitats per aprendre des de qualsevol lloc i en qualsevol moment.',103,'http://mmbiz-qpic.wallstcn.com/mmbiz_jpg/ac9HVYE3uMI1icProqPbLxa7EdqfL7gYEjPSt8jJZULic937Ootlrlgk0TmviaU5NFZwgsssVPuljRpF0VrYbKkibw/0?wx_fmt=jpeg\n',0,'',1,0,'2018-01-17 22:30:23','2023-05-09 08:00:00'),(339,'Mia Johnson','Més enllà de la taula de classe','Més enllà de la taula de classe','En els últims anys, la tecnologia ha tingut un impacte revolucionari en molts àmbits de la nostra vida, incloent-hi educació. Les aules ja no són el lloc exclusiu on es produeix aprenentatge, sinó que la tecnologia ha obert noves oportunitats per aprendre des de qualsevol lloc i en qualsevol moment.',103,'http://mmbiz-qpic.wallstcn.com/mmbiz_jpg/ac9HVYE3uMI1icProqPbLxa7EdqfL7gYEjPSt8jJZULic937Ootlrlgk0TmviaU5NFZwgsssVPuljRpF0VrYbKkibw/0?wx_fmt=jpeg\n',0,'',1,0,'2018-01-17 22:30:23','2023-05-09 08:00:00'),(340,'Mia Johnson','Més enllà de la taula de classe','Més enllà de la taula de classe','En els últims anys, la tecnologia ha tingut un impacte revolucionari en molts àmbits de la nostra vida, incloent-hi educació. Les aules ja no són el lloc exclusiu on es produeix aprenentatge, sinó que la tecnologia ha obert noves oportunitats per aprendre des de qualsevol lloc i en qualsevol moment.',103,'http://mmbiz-qpic.wallstcn.com/mmbiz_jpg/ac9HVYE3uMI1icProqPbLxa7EdqfL7gYEjPSt8jJZULic937Ootlrlgk0TmviaU5NFZwgsssVPuljRpF0VrYbKkibw/0?wx_fmt=jpeg\n',0,'',1,0,'2018-01-17 22:30:23','2023-05-09 08:00:00'),(341,'Mia Johnson','Més enllà de la taula de classe','Més enllà de la taula de classe','En els últims anys, la tecnologia ha tingut un impacte revolucionari en molts àmbits de la nostra vida, incloent-hi educació. Les aules ja no són el lloc exclusiu on es produeix aprenentatge, sinó que la tecnologia ha obert noves oportunitats per aprendre des de qualsevol lloc i en qualsevol moment.',103,'http://mmbiz-qpic.wallstcn.com/mmbiz_jpg/ac9HVYE3uMI1icProqPbLxa7EdqfL7gYEjPSt8jJZULic937Ootlrlgk0TmviaU5NFZwgsssVPuljRpF0VrYbKkibw/0?wx_fmt=jpeg\n',0,'',1,0,'2018-01-17 22:30:23','2023-05-09 08:00:00'),(342,'Mia Johnson','Més enllà de la taula de classe','Més enllà de la taula de classe','En els últims anys, la tecnologia ha tingut un impacte revolucionari en molts àmbits de la nostra vida, incloent-hi educació. Les aules ja no són el lloc exclusiu on es produeix aprenentatge, sinó que la tecnologia ha obert noves oportunitats per aprendre des de qualsevol lloc i en qualsevol moment.',103,'http://mmbiz-qpic.wallstcn.com/mmbiz_jpg/ac9HVYE3uMI1icProqPbLxa7EdqfL7gYEjPSt8jJZULic937Ootlrlgk0TmviaU5NFZwgsssVPuljRpF0VrYbKkibw/0?wx_fmt=jpeg\n',0,'',1,0,'2018-01-17 22:30:23','2023-05-09 08:00:00'),(343,'Mia Johnson','Més enllà de la taula de classe','Més enllà de la taula de classe','En els últims anys, la tecnologia ha tingut un impacte revolucionari en molts àmbits de la nostra vida, incloent-hi educació. Les aules ja no són el lloc exclusiu on es produeix aprenentatge, sinó que la tecnologia ha obert noves oportunitats per aprendre des de qualsevol lloc i en qualsevol moment.',103,'http://mmbiz-qpic.wallstcn.com/mmbiz_jpg/ac9HVYE3uMI1icProqPbLxa7EdqfL7gYEjPSt8jJZULic937Ootlrlgk0TmviaU5NFZwgsssVPuljRpF0VrYbKkibw/0?wx_fmt=jpeg\n',0,'',1,0,'2018-01-17 22:30:23','2023-05-09 08:00:00'),(344,'Mia Johnson','Més enllà de la taula de classe','Més enllà de la taula de classe','En els últims anys, la tecnologia ha tingut un impacte revolucionari en molts àmbits de la nostra vida, incloent-hi educació. Les aules ja no són el lloc exclusiu on es produeix aprenentatge, sinó que la tecnologia ha obert noves oportunitats per aprendre des de qualsevol lloc i en qualsevol moment.',103,'http://mmbiz-qpic.wallstcn.com/mmbiz_jpg/ac9HVYE3uMI1icProqPbLxa7EdqfL7gYEjPSt8jJZULic937Ootlrlgk0TmviaU5NFZwgsssVPuljRpF0VrYbKkibw/0?wx_fmt=jpeg\n',0,'',1,0,'2018-01-17 22:30:23','2023-05-09 08:00:00'),(345,'Mia Johnson','Més enllà de la taula de classe','Més enllà de la taula de classe','En els últims anys, la tecnologia ha tingut un impacte revolucionari en molts àmbits de la nostra vida, incloent-hi educació. Les aules ja no són el lloc exclusiu on es produeix aprenentatge, sinó que la tecnologia ha obert noves oportunitats per aprendre des de qualsevol lloc i en qualsevol moment.',103,'http://mmbiz-qpic.wallstcn.com/mmbiz_jpg/ac9HVYE3uMI1icProqPbLxa7EdqfL7gYEjPSt8jJZULic937Ootlrlgk0TmviaU5NFZwgsssVPuljRpF0VrYbKkibw/0?wx_fmt=jpeg\n',0,'',1,0,'2018-01-17 22:30:23','2023-05-09 08:00:00'),(346,'Mia Johnson','Més enllà de la taula de classe','Més enllà de la taula de classe','En els últims anys, la tecnologia ha tingut un impacte revolucionari en molts àmbits de la nostra vida, incloent-hi educació. Les aules ja no són el lloc exclusiu on es produeix aprenentatge, sinó que la tecnologia ha obert noves oportunitats per aprendre des de qualsevol lloc i en qualsevol moment.',103,'http://mmbiz-qpic.wallstcn.com/mmbiz_jpg/ac9HVYE3uMI1icProqPbLxa7EdqfL7gYEjPSt8jJZULic937Ootlrlgk0TmviaU5NFZwgsssVPuljRpF0VrYbKkibw/0?wx_fmt=jpeg\n',0,'',1,0,'2018-01-17 22:30:23','2023-05-09 08:00:00'),(347,'Mia Johnson','Més enllà de la taula de classe','Més enllà de la taula de classe','En els últims anys, la tecnologia ha tingut un impacte revolucionari en molts àmbits de la nostra vida, incloent-hi educació. Les aules ja no són el lloc exclusiu on es produeix aprenentatge, sinó que la tecnologia ha obert noves oportunitats per aprendre des de qualsevol lloc i en qualsevol moment.',103,'http://mmbiz-qpic.wallstcn.com/mmbiz_jpg/ac9HVYE3uMI1icProqPbLxa7EdqfL7gYEjPSt8jJZULic937Ootlrlgk0TmviaU5NFZwgsssVPuljRpF0VrYbKkibw/0?wx_fmt=jpeg\n',0,'',1,0,'2018-01-17 22:30:23','2023-05-09 08:00:00'),(348,'Mia Johnson','Més enllà de la taula de classe','Més enllà de la taula de classe','En els últims anys, la tecnologia ha tingut un impacte revolucionari en molts àmbits de la nostra vida, incloent-hi educació. Les aules ja no són el lloc exclusiu on es produeix aprenentatge, sinó que la tecnologia ha obert noves oportunitats per aprendre des de qualsevol lloc i en qualsevol moment.',103,'http://mmbiz-qpic.wallstcn.com/mmbiz_jpg/ac9HVYE3uMI1icProqPbLxa7EdqfL7gYEjPSt8jJZULic937Ootlrlgk0TmviaU5NFZwgsssVPuljRpF0VrYbKkibw/0?wx_fmt=jpeg\n',0,'',1,0,'2018-01-17 22:30:23','2023-05-09 08:00:00'),(349,'Mia Johnson','Més enllà de la taula de classe','Més enllà de la taula de classe','En els últims anys, la tecnologia ha tingut un impacte revolucionari en molts àmbits de la nostra vida, incloent-hi educació. Les aules ja no són el lloc exclusiu on es produeix aprenentatge, sinó que la tecnologia ha obert noves oportunitats per aprendre des de qualsevol lloc i en qualsevol moment.',103,'http://mmbiz-qpic.wallstcn.com/mmbiz_jpg/ac9HVYE3uMI1icProqPbLxa7EdqfL7gYEjPSt8jJZULic937Ootlrlgk0TmviaU5NFZwgsssVPuljRpF0VrYbKkibw/0?wx_fmt=jpeg\n',0,'',1,0,'2018-01-17 22:30:23','2023-05-09 08:00:00');
/*!40000 ALTER TABLE `bbs_article` ENABLE KEYS */;
UNLOCK TABLES;

--
-- Table structure for table `bbs_category`
--

DROP TABLE IF EXISTS `bbs_category`;
/*!40101 SET @saved_cs_client     = @@character_set_client */;
/*!40101 SET character_set_client = utf8 */;
CREATE TABLE `bbs_category` (
  `id` int(11) NOT NULL AUTO_INCREMENT,
  `name` varchar(64) NOT NULL,
  `create_time` datetime DEFAULT NULL,
  `update_time` datetime DEFAULT NULL,
  PRIMARY KEY (`id`)
) ENGINE=MyISAM AUTO_INCREMENT=7 DEFAULT CHARSET=utf8mb4;
/*!40101 SET character_set_client = @saved_cs_client */;

--
-- Dumping data for table `bbs_category`
--

LOCK TABLES `bbs_category` WRITE;
/*!40000 ALTER TABLE `bbs_category` DISABLE KEYS */;
INSERT INTO `bbs_category` VALUES (1,'Educació',NULL,NULL),(2,'Tecnologia',NULL,NULL),(3,'Cultura',NULL,NULL);
/*!40000 ALTER TABLE `bbs_category` ENABLE KEYS */;
UNLOCK TABLES;

--
-- Table structure for table `bbs_comment`
--

DROP TABLE IF EXISTS `bbs_comment`;
/*!40101 SET @saved_cs_client     = @@character_set_client */;
/*!40101 SET character_set_client = utf8 */;
CREATE TABLE `bbs_comment` (
  `id` int(11) NOT NULL AUTO_INCREMENT,
  `content` text NOT NULL,
  `like_count` int(11) DEFAULT NULL,
  `user_id` int(11) NOT NULL,
  `article_id` int(11) NOT NULL,
  `parent_id` int(11) DEFAULT NULL,
  `create_time` datetime DEFAULT NULL,
  `update_time` datetime DEFAULT NULL,
  PRIMARY KEY (`id`),
  KEY `article_id` (`article_id`),
  KEY `parent_id` (`parent_id`),
  KEY `user_id` (`user_id`)
) ENGINE=MyISAM AUTO_INCREMENT=15 DEFAULT CHARSET=utf8mb4;
/*!40101 SET character_set_client = @saved_cs_client */;

--
-- Dumping data for table `bbs_comment`
--

LOCK TABLES `bbs_comment` WRITE;
/*!40000 ALTER TABLE `bbs_comment` DISABLE KEYS */;
INSERT INTO `bbs_comment` VALUES (1,'123',0,18,272,NULL,'2023-05-17 01:57:12','2023-05-17 01:57:12'),(2,'123',0,18,272,NULL,'2023-05-17 01:57:37','2023-05-17 01:57:37'),(3,'123',0,18,272,NULL,'2023-05-17 02:00:11','2023-05-17 02:00:11'),(4,'123',0,18,272,NULL,'2023-05-17 02:04:50','2023-05-17 02:04:50'),(5,'123',0,18,272,NULL,'2023-05-17 02:05:06','2023-05-17 02:05:06'),(6,'1243',0,18,273,NULL,'2023-05-17 02:30:35','2023-05-17 02:30:35'),(7,'qw',0,18,272,3,'2023-05-17 02:40:43','2023-05-17 02:40:43'),(8,'qw',0,18,272,3,'2023-05-17 02:40:44','2023-05-17 02:40:44'),(9,'123',0,20,272,NULL,'2023-05-17 03:29:55','2023-05-17 03:29:55'),(10,'1234',0,18,272,NULL,'2023-05-17 12:24:21','2023-05-17 12:24:21'),(11,'wqer',0,18,272,10,'2023-05-17 12:24:36','2023-05-17 12:24:36'),(12,'que tal!!!!',0,18,272,NULL,'2023-05-17 12:44:04','2023-05-17 12:44:04'),(13,'Muy bien y tu',0,20,272,12,'2023-05-17 12:45:25','2023-05-17 12:45:25'),(14,'gywe',0,18,272,NULL,'2023-05-17 22:43:56','2023-05-17 22:43:56');
/*!40000 ALTER TABLE `bbs_comment` ENABLE KEYS */;
UNLOCK TABLES;

--
-- Table structure for table `bbs_comment_like`
--

DROP TABLE IF EXISTS `bbs_comment_like`;
/*!40101 SET @saved_cs_client     = @@character_set_client */;
/*!40101 SET character_set_client = utf8 */;
CREATE TABLE `bbs_comment_like` (
  `user_id` int(11) NOT NULL,
  `comment_id` int(11) NOT NULL,
  `create_time` datetime DEFAULT NULL,
  `update_time` datetime DEFAULT NULL,
  PRIMARY KEY (`user_id`,`comment_id`),
  KEY `comment_id` (`comment_id`)
) ENGINE=MyISAM DEFAULT CHARSET=utf8mb4;
/*!40101 SET character_set_client = @saved_cs_client */;

--
-- Dumping data for table `bbs_comment_like`
--

LOCK TABLES `bbs_comment_like` WRITE;
/*!40000 ALTER TABLE `bbs_comment_like` DISABLE KEYS */;
INSERT INTO `bbs_comment_like` VALUES (18,2,'2023-05-17 12:38:02','2023-05-17 12:38:02'),(18,1,'2023-05-17 12:38:00','2023-05-17 12:38:00'),(20,1,'2023-05-17 12:38:50','2023-05-17 12:38:50'),(18,10,'2023-05-18 00:40:50','2023-05-18 00:40:50');
/*!40000 ALTER TABLE `bbs_comment_like` ENABLE KEYS */;
UNLOCK TABLES;

--
-- Table structure for table `bbs_user`
--

DROP TABLE IF EXISTS `bbs_user`;
/*!40101 SET @saved_cs_client     = @@character_set_client */;
/*!40101 SET character_set_client = utf8 */;
CREATE TABLE `bbs_user` (
  `create_time` datetime DEFAULT NULL,
  `update_time` datetime DEFAULT NULL,
  `id` int(11) NOT NULL AUTO_INCREMENT,
  `nick_name` varchar(32) NOT NULL,
  `password_hash` varchar(128) NOT NULL,
  `mobile` varchar(11) NOT NULL,
  `email` varchar(50) DEFAULT NULL,
  `avatar_url` varchar(256) DEFAULT NULL,
  `last_login` datetime DEFAULT NULL,
  `is_admin` tinyint(1) DEFAULT NULL,
  `signature` varchar(512) DEFAULT NULL,
  `gender` enum('Home','Dona') DEFAULT NULL,
  PRIMARY KEY (`id`),
  UNIQUE KEY `mobile` (`mobile`),
  UNIQUE KEY `nick_name` (`nick_name`)
) ENGINE=MyISAM AUTO_INCREMENT=21 DEFAULT CHARSET=utf8mb4;
/*!40101 SET character_set_client = @saved_cs_client */;

--
-- Dumping data for table `bbs_user`
--

LOCK TABLES `bbs_user` WRITE;
/*!40000 ALTER TABLE `bbs_user` DISABLE KEYS */;
INSERT INTO `bbs_user` VALUES ('2003-05-11 00:00:00','2023-05-18 11:32:49',18,'yu','pbkdf2:sha256:600000$HGt55ql168LA7CbZ$17549ffbb31bd764d956f730c48f6c994c0b7d1bc94d4b5e3020f3a8ab347f52','612234432','None','/static/images/worm.jpg','2023-05-11 18:34:31',0,'que bien','Home'),('2023-05-11 18:35:45','2023-05-11 18:35:45',19,'yuty','pbkdf2:sha256:600000$QLCTygak1E6U4StA$213e0d2acf7946446493c2c694748518cb81652c8e9ce87d6fc87eb286f14207','635654345','None','/static/images/worm.jpg','2023-05-11 18:35:45',0,NULL,'Home'),('2020-05-18 00:00:00','2023-05-17 13:03:34',20,'Alicia','pbkdf2:sha256:600000$dPnH4q1pqcu2vLni$e327e9e9b16ef2624f36cc69d65adf640eb73d0f46f21959083e35745bbc6a26','612123123','None','/static/images/worm.jpg','2023-05-17 03:26:41',0,'dfgdf','Home');
/*!40000 ALTER TABLE `bbs_user` ENABLE KEYS */;
UNLOCK TABLES;

--
-- Table structure for table `bbs_user_collection`
--

DROP TABLE IF EXISTS `bbs_user_collection`;
/*!40101 SET @saved_cs_client     = @@character_set_client */;
/*!40101 SET character_set_client = utf8 */;
CREATE TABLE `bbs_user_collection` (
  `user_id` int(11) NOT NULL,
  `article_id` int(11) NOT NULL,
  `create_time` datetime DEFAULT NULL,
  PRIMARY KEY (`user_id`,`article_id`),
  KEY `article_id` (`article_id`)
) ENGINE=MyISAM DEFAULT CHARSET=utf8mb4;
/*!40101 SET character_set_client = @saved_cs_client */;

--
-- Dumping data for table `bbs_user_collection`
--

LOCK TABLES `bbs_user_collection` WRITE;
/*!40000 ALTER TABLE `bbs_user_collection` DISABLE KEYS */;
INSERT INTO `bbs_user_collection` VALUES (18,272,'2023-05-17 22:43:41');
/*!40000 ALTER TABLE `bbs_user_collection` ENABLE KEYS */;
UNLOCK TABLES;

--
-- Table structure for table `bbs_user_fans`
--

DROP TABLE IF EXISTS `bbs_user_fans`;
/*!40101 SET @saved_cs_client     = @@character_set_client */;
/*!40101 SET character_set_client = utf8 */;
CREATE TABLE `bbs_user_fans` (
  `follower_id` int(11) NOT NULL,
  `followed_id` int(11) NOT NULL,
  PRIMARY KEY (`follower_id`,`followed_id`),
  KEY `followed_id` (`followed_id`)
) ENGINE=MyISAM DEFAULT CHARSET=utf8mb4;
/*!40101 SET character_set_client = @saved_cs_client */;

--
-- Dumping data for table `bbs_user_fans`
--

LOCK TABLES `bbs_user_fans` WRITE;
/*!40000 ALTER TABLE `bbs_user_fans` DISABLE KEYS */;
INSERT INTO `bbs_user_fans` VALUES (18,18),(20,18);
/*!40000 ALTER TABLE `bbs_user_fans` ENABLE KEYS */;
UNLOCK TABLES;
/*!40103 SET TIME_ZONE=@OLD_TIME_ZONE */;

/*!40101 SET SQL_MODE=@OLD_SQL_MODE */;
/*!40014 SET FOREIGN_KEY_CHECKS=@OLD_FOREIGN_KEY_CHECKS */;
/*!40014 SET UNIQUE_CHECKS=@OLD_UNIQUE_CHECKS */;
/*!40101 SET CHARACTER_SET_CLIENT=@OLD_CHARACTER_SET_CLIENT */;
/*!40101 SET CHARACTER_SET_RESULTS=@OLD_CHARACTER_SET_RESULTS */;
/*!40101 SET COLLATION_CONNECTION=@OLD_COLLATION_CONNECTION */;
/*!40111 SET SQL_NOTES=@OLD_SQL_NOTES */;

-- Dump completed on 2023-05-18 12:51:23
