-- MySQL dump 10.13  Distrib 5.7.26, for Win64 (x86_64)
--
-- Host: 127.0.0.1    Database: jab_project
-- ------------------------------------------------------
-- Server version	5.7.26

/*!40101 SET @OLD_CHARACTER_SET_CLIENT=@@CHARACTER_SET_CLIENT */;
/*!40101 SET @OLD_CHARACTER_SET_RESULTS=@@CHARACTER_SET_RESULTS */;
/*!40101 SET @OLD_COLLATION_CONNECTION=@@COLLATION_CONNECTION */;
/*!40101 SET NAMES utf8 */;
/*!40103 SET @OLD_TIME_ZONE=@@TIME_ZONE */;
/*!40103 SET TIME_ZONE='+00:00' */;
/*!40014 SET @OLD_UNIQUE_CHECKS=@@UNIQUE_CHECKS, UNIQUE_CHECKS=0 */;
/*!40014 SET @OLD_FOREIGN_KEY_CHECKS=@@FOREIGN_KEY_CHECKS, FOREIGN_KEY_CHECKS=0 */;
/*!40101 SET @OLD_SQL_MODE=@@SQL_MODE, SQL_MODE='NO_AUTO_VALUE_ON_ZERO' */;
/*!40111 SET @OLD_SQL_NOTES=@@SQL_NOTES, SQL_NOTES=0 */;

--
-- Table structure for table `alembic_version`
--

DROP TABLE IF EXISTS `alembic_version`;
/*!40101 SET @saved_cs_client     = @@character_set_client */;
/*!40101 SET character_set_client = utf8 */;
CREATE TABLE `alembic_version` (
  `version_num` varchar(32) NOT NULL,
  PRIMARY KEY (`version_num`)
) ENGINE=MyISAM DEFAULT CHARSET=utf8mb4;
/*!40101 SET character_set_client = @saved_cs_client */;

--
-- Dumping data for table `alembic_version`
--

LOCK TABLES `alembic_version` WRITE;
/*!40000 ALTER TABLE `alembic_version` DISABLE KEYS */;
INSERT INTO `alembic_version` VALUES ('2f7ac0f25f12');
/*!40000 ALTER TABLE `alembic_version` ENABLE KEYS */;
UNLOCK TABLES;

--
-- Table structure for table `bbs_article`
--

DROP TABLE IF EXISTS `bbs_article`;
/*!40101 SET @saved_cs_client     = @@character_set_client */;
/*!40101 SET character_set_client = utf8 */;
CREATE TABLE `bbs_article` (
  `id` int(11) NOT NULL AUTO_INCREMENT,
  `title` varchar(256) NOT NULL,
  `source` varchar(64) NOT NULL,
  `digest` varchar(512) NOT NULL,
  `content` text NOT NULL,
  `clicks` int(11) DEFAULT NULL,
  `index_image_url` varchar(256) DEFAULT NULL,
  `status` int(11) DEFAULT NULL,
  `reason` varchar(256) DEFAULT NULL,
  `category_id` int(11) DEFAULT NULL,
  `user_id` int(11) DEFAULT NULL,
  `create_time` datetime DEFAULT NULL,
  `update_time` datetime DEFAULT NULL,
  PRIMARY KEY (`id`),
  KEY `category_id` (`category_id`),
  KEY `user_id` (`user_id`)
) ENGINE=MyISAM AUTO_INCREMENT=350 DEFAULT CHARSET=utf8mb4;
/*!40101 SET character_set_client = @saved_cs_client */;

--
-- Dumping data for table `bbs_article`
--

LOCK TABLES `bbs_article` WRITE;
/*!40000 ALTER TABLE `bbs_article` DISABLE KEYS */;
INSERT INTO `bbs_article` VALUES (272,'Mia   Johnson','Més enllà de la taula de classe','Més enllà de la taula de classe','En els últims anys, la tecnologia ha tingut un impacte revolucionari en molts àmbits de la nostra vida, incloent-hi educació. Les aules ja no són el lloc exclusiu on es produeix aprenentatge, sinó que la tecnologia ha obert noves oportunitats per aprendre des de qualsevol lloc i en qualsevol moment.',103,'http://mmbiz-qpic.wallstcn.com/mmbiz_jpg/ac9HVYE3uMI1icProqPbLxa7EdqfL7gYEjPSt8jJZULic937Ootlrlgk0TmviaU5NFZwgsssVPuljRpF0VrYbKkibw/0?wx_fmt=jpeg\n',0,'',3,NULL,'2018-01-17 22:30:23','2023-05-09 08:00:00'),(273,'Mia Johnson','Més enllà de la taula de classe','Més enllà de la taula de classe','En els últims anys, la tecnologia ha tingut un impacte revolucionari en molts àmbits de la nostra vida, incloent-hi educació. Les aules ja no són el lloc exclusiu on es produeix aprenentatge, sinó que la tecnologia ha obert noves oportunitats per aprendre des de qualsevol lloc i en qualsevol moment.',103,'http://mmbiz-qpic.wallstcn.com/mmbiz_jpg/ac9HVYE3uMI1icProqPbLxa7EdqfL7gYEjPSt8jJZULic937Ootlrlgk0TmviaU5NFZwgsssVPuljRpF0VrYbKkibw/0?wx_fmt=jpeg\n',0,'',3,NULL,'2018-01-17 22:30:23','2023-05-09 08:00:00'),(274,'Mia Johnson','Més enllà de la taula de classe','Més enllà de la taula de classe','En els últims anys, la tecnologia ha tingut un impacte revolucionari en molts àmbits de la nostra vida, incloent-hi educació. Les aules ja no són el lloc exclusiu on es produeix aprenentatge, sinó que la tecnologia ha obert noves oportunitats per aprendre des de qualsevol lloc i en qualsevol moment.',103,'http://mmbiz-qpic.wallstcn.com/mmbiz_jpg/ac9HVYE3uMI1icProqPbLxa7EdqfL7gYEjPSt8jJZULic937Ootlrlgk0TmviaU5NFZwgsssVPuljRpF0VrYbKkibw/0?wx_fmt=jpeg\n',0,'',3,NULL,'2018-01-17 22:30:23','2023-05-09 08:00:00'),(275,'Mia Johnson','Més enllà de la taula de classe','Més enllà de la taula de classe','En els últims anys, la tecnologia ha tingut un impacte revolucionari en molts àmbits de la nostra vida, incloent-hi educació. Les aules ja no són el lloc exclusiu on es produeix aprenentatge, sinó que la tecnologia ha obert noves oportunitats per aprendre des de qualsevol lloc i en qualsevol moment.',103,'http://mmbiz-qpic.wallstcn.com/mmbiz_jpg/ac9HVYE3uMI1icProqPbLxa7EdqfL7gYEjPSt8jJZULic937Ootlrlgk0TmviaU5NFZwgsssVPuljRpF0VrYbKkibw/0?wx_fmt=jpeg\n',0,'',3,NULL,'2018-01-17 22:30:23','2023-05-09 08:00:00'),(276,'Mia Johnson','Més enllà de la taula de classe','Més enllà de la taula de classe','En els últims anys, la tecnologia ha tingut un impacte revolucionari en molts àmbits de la nostra vida, incloent-hi educació. Les aules ja no són el lloc exclusiu on es produeix aprenentatge, sinó que la tecnologia ha obert noves oportunitats per aprendre des de qualsevol lloc i en qualsevol moment.',103,'http://mmbiz-qpic.wallstcn.com/mmbiz_jpg/ac9HVYE3uMI1icProqPbLxa7EdqfL7gYEjPSt8jJZULic937Ootlrlgk0TmviaU5NFZwgsssVPuljRpF0VrYbKkibw/0?wx_fmt=jpeg\n',0,'',3,NULL,'2018-01-17 22:30:23','2023-05-09 08:00:00'),(277,'Mia Johnson','Més enllà de la taula de classe','Més enllà de la taula de classe','En els últims anys, la tecnologia ha tingut un impacte revolucionari en molts àmbits de la nostra vida, incloent-hi educació. Les aules ja no són el lloc exclusiu on es produeix aprenentatge, sinó que la tecnologia ha obert noves oportunitats per aprendre des de qualsevol lloc i en qualsevol moment.',103,'http://mmbiz-qpic.wallstcn.com/mmbiz_jpg/ac9HVYE3uMI1icProqPbLxa7EdqfL7gYEjPSt8jJZULic937Ootlrlgk0TmviaU5NFZwgsssVPuljRpF0VrYbKkibw/0?wx_fmt=jpeg\n',0,'',3,NULL,'2018-01-17 22:30:23','2023-05-09 08:00:00'),(278,'Mia Johnson','Més enllà de la taula de classe','Més enllà de la taula de classe','En els últims anys, la tecnologia ha tingut un impacte revolucionari en molts àmbits de la nostra vida, incloent-hi educació. Les aules ja no són el lloc exclusiu on es produeix aprenentatge, sinó que la tecnologia ha obert noves oportunitats per aprendre des de qualsevol lloc i en qualsevol moment.',103,'http://mmbiz-qpic.wallstcn.com/mmbiz_jpg/ac9HVYE3uMI1icProqPbLxa7EdqfL7gYEjPSt8jJZULic937Ootlrlgk0TmviaU5NFZwgsssVPuljRpF0VrYbKkibw/0?wx_fmt=jpeg\n',0,'',3,NULL,'2018-01-17 22:30:23','2023-05-09 08:00:00'),(279,'Mia Johnson','Més enllà de la taula de classe','Més enllà de la taula de classe','En els últims anys, la tecnologia ha tingut un impacte revolucionari en molts àmbits de la nostra vida, incloent-hi educació. Les aules ja no són el lloc exclusiu on es produeix aprenentatge, sinó que la tecnologia ha obert noves oportunitats per aprendre des de qualsevol lloc i en qualsevol moment.',103,'http://mmbiz-qpic.wallstcn.com/mmbiz_jpg/ac9HVYE3uMI1icProqPbLxa7EdqfL7gYEjPSt8jJZULic937Ootlrlgk0TmviaU5NFZwgsssVPuljRpF0VrYbKkibw/0?wx_fmt=jpeg\n',0,'',3,NULL,'2018-01-17 22:30:23','2023-05-09 08:00:00'),(280,'Mia Johnson','Més enllà de la taula de classe','Més enllà de la taula de classe','En els últims anys, la tecnologia ha tingut un impacte revolucionari en molts àmbits de la nostra vida, incloent-hi educació. Les aules ja no són el lloc exclusiu on es produeix aprenentatge, sinó que la tecnologia ha obert noves oportunitats per aprendre des de qualsevol lloc i en qualsevol moment.',103,'http://mmbiz-qpic.wallstcn.com/mmbiz_jpg/ac9HVYE3uMI1icProqPbLxa7EdqfL7gYEjPSt8jJZULic937Ootlrlgk0TmviaU5NFZwgsssVPuljRpF0VrYbKkibw/0?wx_fmt=jpeg\n',0,'',3,NULL,'2018-01-17 22:30:23','2023-05-09 08:00:00'),(281,'Mia Johnson','Més enllà de la taula de classe','Més enllà de la taula de classe','En els últims anys, la tecnologia ha tingut un impacte revolucionari en molts àmbits de la nostra vida, incloent-hi educació. Les aules ja no són el lloc exclusiu on es produeix aprenentatge, sinó que la tecnologia ha obert noves oportunitats per aprendre des de qualsevol lloc i en qualsevol moment.',103,'http://mmbiz-qpic.wallstcn.com/mmbiz_jpg/ac9HVYE3uMI1icProqPbLxa7EdqfL7gYEjPSt8jJZULic937Ootlrlgk0TmviaU5NFZwgsssVPuljRpF0VrYbKkibw/0?wx_fmt=jpeg\n',0,'',3,NULL,'2018-01-17 22:30:23','2023-05-09 08:00:00'),(282,'Mia Johnson','Més enllà de la taula de classe','Més enllà de la taula de classe','En els últims anys, la tecnologia ha tingut un impacte revolucionari en molts àmbits de la nostra vida, incloent-hi educació. Les aules ja no són el lloc exclusiu on es produeix aprenentatge, sinó que la tecnologia ha obert noves oportunitats per aprendre des de qualsevol lloc i en qualsevol moment.',103,'http://mmbiz-qpic.wallstcn.com/mmbiz_jpg/ac9HVYE3uMI1icProqPbLxa7EdqfL7gYEjPSt8jJZULic937Ootlrlgk0TmviaU5NFZwgsssVPuljRpF0VrYbKkibw/0?wx_fmt=jpeg\n',0,'',3,NULL,'2018-01-17 22:30:23','2023-05-09 08:00:00'),(283,'Mia Johnson','Més enllà de la taula de classe','Més enllà de la taula de classe','En els últims anys, la tecnologia ha tingut un impacte revolucionari en molts àmbits de la nostra vida, incloent-hi educació. Les aules ja no són el lloc exclusiu on es produeix aprenentatge, sinó que la tecnologia ha obert noves oportunitats per aprendre des de qualsevol lloc i en qualsevol moment.',103,'http://mmbiz-qpic.wallstcn.com/mmbiz_jpg/ac9HVYE3uMI1icProqPbLxa7EdqfL7gYEjPSt8jJZULic937Ootlrlgk0TmviaU5NFZwgsssVPuljRpF0VrYbKkibw/0?wx_fmt=jpeg\n',0,'',3,NULL,'2018-01-17 22:30:23','2023-05-09 08:00:00'),(284,'Mia Johnson','Més enllà de la taula de classe','Més enllà de la taula de classe','En els últims anys, la tecnologia ha tingut un impacte revolucionari en molts àmbits de la nostra vida, incloent-hi educació. Les aules ja no són el lloc exclusiu on es produeix aprenentatge, sinó que la tecnologia ha obert noves oportunitats per aprendre des de qualsevol lloc i en qualsevol moment.',103,'http://mmbiz-qpic.wallstcn.com/mmbiz_jpg/ac9HVYE3uMI1icProqPbLxa7EdqfL7gYEjPSt8jJZULic937Ootlrlgk0TmviaU5NFZwgsssVPuljRpF0VrYbKkibw/0?wx_fmt=jpeg\n',0,'',3,NULL,'2018-01-17 22:30:23','2023-05-09 08:00:00'),(285,'Mia Johnson','Més enllà de la taula de classe','Més enllà de la taula de classe','En els últims anys, la tecnologia ha tingut un impacte revolucionari en molts àmbits de la nostra vida, incloent-hi educació. Les aules ja no són el lloc exclusiu on es produeix aprenentatge, sinó que la tecnologia ha obert noves oportunitats per aprendre des de qualsevol lloc i en qualsevol moment.',103,'http://mmbiz-qpic.wallstcn.com/mmbiz_jpg/ac9HVYE3uMI1icProqPbLxa7EdqfL7gYEjPSt8jJZULic937Ootlrlgk0TmviaU5NFZwgsssVPuljRpF0VrYbKkibw/0?wx_fmt=jpeg\n',0,'',3,NULL,'2018-01-17 22:30:23','2023-05-09 08:00:00'),(286,'Mia Johnson','Més enllà de la taula de classe','Més enllà de la taula de classe','En els últims anys, la tecnologia ha tingut un impacte revolucionari en molts àmbits de la nostra vida, incloent-hi educació. Les aules ja no són el lloc exclusiu on es produeix aprenentatge, sinó que la tecnologia ha obert noves oportunitats per aprendre des de qualsevol lloc i en qualsevol moment.',103,'http://mmbiz-qpic.wallstcn.com/mmbiz_jpg/ac9HVYE3uMI1icProqPbLxa7EdqfL7gYEjPSt8jJZULic937Ootlrlgk0TmviaU5NFZwgsssVPuljRpF0VrYbKkibw/0?wx_fmt=jpeg\n',0,'',3,NULL,'2018-01-17 22:30:23','2023-05-09 08:00:00'),(287,'Mia Johnson','Més enllà de la taula de classe','Més enllà de la taula de classe','En els últims anys, la tecnologia ha tingut un impacte revolucionari en molts àmbits de la nostra vida, incloent-hi educació. Les aules ja no són el lloc exclusiu on es produeix aprenentatge, sinó que la tecnologia ha obert noves oportunitats per aprendre des de qualsevol lloc i en qualsevol moment.',103,'http://mmbiz-qpic.wallstcn.com/mmbiz_jpg/ac9HVYE3uMI1icProqPbLxa7EdqfL7gYEjPSt8jJZULic937Ootlrlgk0TmviaU5NFZwgsssVPuljRpF0VrYbKkibw/0?wx_fmt=jpeg\n',0,'',3,NULL,'2018-01-17 22:30:23','2023-05-09 08:00:00'),(288,'Mia Johnson','Més enllà de la taula de classe','Més enllà de la taula de classe','En els últims anys, la tecnologia ha tingut un impacte revolucionari en molts àmbits de la nostra vida, incloent-hi educació. Les aules ja no són el lloc exclusiu on es produeix aprenentatge, sinó que la tecnologia ha obert noves oportunitats per aprendre des de qualsevol lloc i en qualsevol moment.',103,'http://mmbiz-qpic.wallstcn.com/mmbiz_jpg/ac9HVYE3uMI1icProqPbLxa7EdqfL7gYEjPSt8jJZULic937Ootlrlgk0TmviaU5NFZwgsssVPuljRpF0VrYbKkibw/0?wx_fmt=jpeg\n',0,'',3,NULL,'2018-01-17 22:30:23','2023-05-09 08:00:00'),(289,'Mia Johnson','Més enllà de la taula de classe','Més enllà de la taula de classe','En els últims anys, la tecnologia ha tingut un impacte revolucionari en molts àmbits de la nostra vida, incloent-hi educació. Les aules ja no són el lloc exclusiu on es produeix aprenentatge, sinó que la tecnologia ha obert noves oportunitats per aprendre des de qualsevol lloc i en qualsevol moment.',103,'http://mmbiz-qpic.wallstcn.com/mmbiz_jpg/ac9HVYE3uMI1icProqPbLxa7EdqfL7gYEjPSt8jJZULic937Ootlrlgk0TmviaU5NFZwgsssVPuljRpF0VrYbKkibw/0?wx_fmt=jpeg\n',0,'',3,NULL,'2018-01-17 22:30:23','2023-05-09 08:00:00'),(290,'Mia Johnson','Més enllà de la taula de classe','Més enllà de la taula de classe','En els últims anys, la tecnologia ha tingut un impacte revolucionari en molts àmbits de la nostra vida, incloent-hi educació. Les aules ja no són el lloc exclusiu on es produeix aprenentatge, sinó que la tecnologia ha obert noves oportunitats per aprendre des de qualsevol lloc i en qualsevol moment.',103,'http://mmbiz-qpic.wallstcn.com/mmbiz_jpg/ac9HVYE3uMI1icProqPbLxa7EdqfL7gYEjPSt8jJZULic937Ootlrlgk0TmviaU5NFZwgsssVPuljRpF0VrYbKkibw/0?wx_fmt=jpeg\n',0,'',3,NULL,'2018-01-17 22:30:23','2023-05-09 08:00:00'),(291,'Mia Johnson','Més enllà de la taula de classe','Més enllà de la taula de classe','En els últims anys, la tecnologia ha tingut un impacte revolucionari en molts àmbits de la nostra vida, incloent-hi educació. Les aules ja no són el lloc exclusiu on es produeix aprenentatge, sinó que la tecnologia ha obert noves oportunitats per aprendre des de qualsevol lloc i en qualsevol moment.',103,'http://mmbiz-qpic.wallstcn.com/mmbiz_jpg/ac9HVYE3uMI1icProqPbLxa7EdqfL7gYEjPSt8jJZULic937Ootlrlgk0TmviaU5NFZwgsssVPuljRpF0VrYbKkibw/0?wx_fmt=jpeg\n',0,'',3,NULL,'2018-01-17 22:30:23','2023-05-09 08:00:00'),(292,'Mia Johnson','Més enllà de la taula de classe','Més enllà de la taula de classe','En els últims anys, la tecnologia ha tingut un impacte revolucionari en molts àmbits de la nostra vida, incloent-hi educació. Les aules ja no són el lloc exclusiu on es produeix aprenentatge, sinó que la tecnologia ha obert noves oportunitats per aprendre des de qualsevol lloc i en qualsevol moment.',103,'http://mmbiz-qpic.wallstcn.com/mmbiz_jpg/ac9HVYE3uMI1icProqPbLxa7EdqfL7gYEjPSt8jJZULic937Ootlrlgk0TmviaU5NFZwgsssVPuljRpF0VrYbKkibw/0?wx_fmt=jpeg\n',0,'',3,NULL,'2018-01-17 22:30:23','2023-05-09 08:00:00'),(293,'Mia Johnson','Més enllà de la taula de classe','Més enllà de la taula de classe','En els últims anys, la tecnologia ha tingut un impacte revolucionari en molts àmbits de la nostra vida, incloent-hi educació. Les aules ja no són el lloc exclusiu on es produeix aprenentatge, sinó que la tecnologia ha obert noves oportunitats per aprendre des de qualsevol lloc i en qualsevol moment.',103,'http://mmbiz-qpic.wallstcn.com/mmbiz_jpg/ac9HVYE3uMI1icProqPbLxa7EdqfL7gYEjPSt8jJZULic937Ootlrlgk0TmviaU5NFZwgsssVPuljRpF0VrYbKkibw/0?wx_fmt=jpeg\n',0,'',3,NULL,'2018-01-17 22:30:23','2023-05-09 08:00:00'),(294,'Mia Johnson','Més enllà de la taula de classe','Més enllà de la taula de classe','En els últims anys, la tecnologia ha tingut un impacte revolucionari en molts àmbits de la nostra vida, incloent-hi educació. Les aules ja no són el lloc exclusiu on es produeix aprenentatge, sinó que la tecnologia ha obert noves oportunitats per aprendre des de qualsevol lloc i en qualsevol moment.',103,'http://mmbiz-qpic.wallstcn.com/mmbiz_jpg/ac9HVYE3uMI1icProqPbLxa7EdqfL7gYEjPSt8jJZULic937Ootlrlgk0TmviaU5NFZwgsssVPuljRpF0VrYbKkibw/0?wx_fmt=jpeg\n',0,'',3,NULL,'2018-01-17 22:30:23','2023-05-09 08:00:00'),(295,'Mia Johnson','Més enllà de la taula de classe','Més enllà de la taula de classe','En els últims anys, la tecnologia ha tingut un impacte revolucionari en molts àmbits de la nostra vida, incloent-hi educació. Les aules ja no són el lloc exclusiu on es produeix aprenentatge, sinó que la tecnologia ha obert noves oportunitats per aprendre des de qualsevol lloc i en qualsevol moment.',103,'http://mmbiz-qpic.wallstcn.com/mmbiz_jpg/ac9HVYE3uMI1icProqPbLxa7EdqfL7gYEjPSt8jJZULic937Ootlrlgk0TmviaU5NFZwgsssVPuljRpF0VrYbKkibw/0?wx_fmt=jpeg\n',0,'',3,NULL,'2018-01-17 22:30:23','2023-05-09 08:00:00'),(296,'Mia Johnson','Més enllà de la taula de classe','Més enllà de la taula de classe','En els últims anys, la tecnologia ha tingut un impacte revolucionari en molts àmbits de la nostra vida, incloent-hi educació. Les aules ja no són el lloc exclusiu on es produeix aprenentatge, sinó que la tecnologia ha obert noves oportunitats per aprendre des de qualsevol lloc i en qualsevol moment.',103,'http://mmbiz-qpic.wallstcn.com/mmbiz_jpg/ac9HVYE3uMI1icProqPbLxa7EdqfL7gYEjPSt8jJZULic937Ootlrlgk0TmviaU5NFZwgsssVPuljRpF0VrYbKkibw/0?wx_fmt=jpeg\n',0,'',3,NULL,'2018-01-17 22:30:23','2023-05-09 08:00:00'),(297,'Mia Johnson','Més enllà de la taula de classe','Més enllà de la taula de classe','En els últims anys, la tecnologia ha tingut un impacte revolucionari en molts àmbits de la nostra vida, incloent-hi educació. Les aules ja no són el lloc exclusiu on es produeix aprenentatge, sinó que la tecnologia ha obert noves oportunitats per aprendre des de qualsevol lloc i en qualsevol moment.',103,'http://mmbiz-qpic.wallstcn.com/mmbiz_jpg/ac9HVYE3uMI1icProqPbLxa7EdqfL7gYEjPSt8jJZULic937Ootlrlgk0TmviaU5NFZwgsssVPuljRpF0VrYbKkibw/0?wx_fmt=jpeg\n',0,'',3,NULL,'2018-01-17 22:30:23','2023-05-09 08:00:00'),(298,'Mia Johnson','Més enllà de la taula de classe','Més enllà de la taula de classe','En els últims anys, la tecnologia ha tingut un impacte revolucionari en molts àmbits de la nostra vida, incloent-hi educació. Les aules ja no són el lloc exclusiu on es produeix aprenentatge, sinó que la tecnologia ha obert noves oportunitats per aprendre des de qualsevol lloc i en qualsevol moment.',103,'http://mmbiz-qpic.wallstcn.com/mmbiz_jpg/ac9HVYE3uMI1icProqPbLxa7EdqfL7gYEjPSt8jJZULic937Ootlrlgk0TmviaU5NFZwgsssVPuljRpF0VrYbKkibw/0?wx_fmt=jpeg\n',0,'',2,NULL,'2018-01-17 22:30:23','2023-05-09 08:00:00'),(299,'Mia Johnson','Més enllà de la taula de classe','Més enllà de la taula de classe','En els últims anys, la tecnologia ha tingut un impacte revolucionari en molts àmbits de la nostra vida, incloent-hi educació. Les aules ja no són el lloc exclusiu on es produeix aprenentatge, sinó que la tecnologia ha obert noves oportunitats per aprendre des de qualsevol lloc i en qualsevol moment.',103,'http://mmbiz-qpic.wallstcn.com/mmbiz_jpg/ac9HVYE3uMI1icProqPbLxa7EdqfL7gYEjPSt8jJZULic937Ootlrlgk0TmviaU5NFZwgsssVPuljRpF0VrYbKkibw/0?wx_fmt=jpeg\n',0,'',2,NULL,'2018-01-17 22:30:23','2023-05-09 08:00:00'),(300,'Mia Johnson','Més enllà de la taula de classe','Més enllà de la taula de classe','En els últims anys, la tecnologia ha tingut un impacte revolucionari en molts àmbits de la nostra vida, incloent-hi educació. Les aules ja no són el lloc exclusiu on es produeix aprenentatge, sinó que la tecnologia ha obert noves oportunitats per aprendre des de qualsevol lloc i en qualsevol moment.',103,'http://mmbiz-qpic.wallstcn.com/mmbiz_jpg/ac9HVYE3uMI1icProqPbLxa7EdqfL7gYEjPSt8jJZULic937Ootlrlgk0TmviaU5NFZwgsssVPuljRpF0VrYbKkibw/0?wx_fmt=jpeg\n',0,'',2,NULL,'2018-01-17 22:30:23','2023-05-09 08:00:00'),(301,'Mia Johnson','Més enllà de la taula de classe','Més enllà de la taula de classe','En els últims anys, la tecnologia ha tingut un impacte revolucionari en molts àmbits de la nostra vida, incloent-hi educació. Les aules ja no són el lloc exclusiu on es produeix aprenentatge, sinó que la tecnologia ha obert noves oportunitats per aprendre des de qualsevol lloc i en qualsevol moment.',103,'http://mmbiz-qpic.wallstcn.com/mmbiz_jpg/ac9HVYE3uMI1icProqPbLxa7EdqfL7gYEjPSt8jJZULic937Ootlrlgk0TmviaU5NFZwgsssVPuljRpF0VrYbKkibw/0?wx_fmt=jpeg\n',0,'',2,NULL,'2018-01-17 22:30:23','2023-05-09 08:00:00'),(302,'Mia Johnson','Més enllà de la taula de classe','Més enllà de la taula de classe','En els últims anys, la tecnologia ha tingut un impacte revolucionari en molts àmbits de la nostra vida, incloent-hi educació. Les aules ja no són el lloc exclusiu on es produeix aprenentatge, sinó que la tecnologia ha obert noves oportunitats per aprendre des de qualsevol lloc i en qualsevol moment.',103,'http://mmbiz-qpic.wallstcn.com/mmbiz_jpg/ac9HVYE3uMI1icProqPbLxa7EdqfL7gYEjPSt8jJZULic937Ootlrlgk0TmviaU5NFZwgsssVPuljRpF0VrYbKkibw/0?wx_fmt=jpeg\n',0,'',2,NULL,'2018-01-17 22:30:23','2023-05-09 08:00:00'),(303,'Mia Johnson','Més enllà de la taula de classe','Més enllà de la taula de classe','En els últims anys, la tecnologia ha tingut un impacte revolucionari en molts àmbits de la nostra vida, incloent-hi educació. Les aules ja no són el lloc exclusiu on es produeix aprenentatge, sinó que la tecnologia ha obert noves oportunitats per aprendre des de qualsevol lloc i en qualsevol moment.',103,'http://mmbiz-qpic.wallstcn.com/mmbiz_jpg/ac9HVYE3uMI1icProqPbLxa7EdqfL7gYEjPSt8jJZULic937Ootlrlgk0TmviaU5NFZwgsssVPuljRpF0VrYbKkibw/0?wx_fmt=jpeg\n',0,'',2,NULL,'2018-01-17 22:30:23','2023-05-09 08:00:00'),(304,'Mia Johnson','Més enllà de la taula de classe','Més enllà de la taula de classe','En els últims anys, la tecnologia ha tingut un impacte revolucionari en molts àmbits de la nostra vida, incloent-hi educació. Les aules ja no són el lloc exclusiu on es produeix aprenentatge, sinó que la tecnologia ha obert noves oportunitats per aprendre des de qualsevol lloc i en qualsevol moment.',103,'http://mmbiz-qpic.wallstcn.com/mmbiz_jpg/ac9HVYE3uMI1icProqPbLxa7EdqfL7gYEjPSt8jJZULic937Ootlrlgk0TmviaU5NFZwgsssVPuljRpF0VrYbKkibw/0?wx_fmt=jpeg\n',0,'',2,NULL,'2018-01-17 22:30:23','2023-05-09 08:00:00'),(305,'Mia Johnson','Més enllà de la taula de classe','Més enllà de la taula de classe','En els últims anys, la tecnologia ha tingut un impacte revolucionari en molts àmbits de la nostra vida, incloent-hi educació. Les aules ja no són el lloc exclusiu on es produeix aprenentatge, sinó que la tecnologia ha obert noves oportunitats per aprendre des de qualsevol lloc i en qualsevol moment.',103,'http://mmbiz-qpic.wallstcn.com/mmbiz_jpg/ac9HVYE3uMI1icProqPbLxa7EdqfL7gYEjPSt8jJZULic937Ootlrlgk0TmviaU5NFZwgsssVPuljRpF0VrYbKkibw/0?wx_fmt=jpeg\n',0,'',2,NULL,'2018-01-17 22:30:23','2023-05-09 08:00:00'),(306,'Mia Johnson','Més enllà de la taula de classe','Més enllà de la taula de classe','En els últims anys, la tecnologia ha tingut un impacte revolucionari en molts àmbits de la nostra vida, incloent-hi educació. Les aules ja no són el lloc exclusiu on es produeix aprenentatge, sinó que la tecnologia ha obert noves oportunitats per aprendre des de qualsevol lloc i en qualsevol moment.',103,'http://mmbiz-qpic.wallstcn.com/mmbiz_jpg/ac9HVYE3uMI1icProqPbLxa7EdqfL7gYEjPSt8jJZULic937Ootlrlgk0TmviaU5NFZwgsssVPuljRpF0VrYbKkibw/0?wx_fmt=jpeg\n',0,'',2,NULL,'2018-01-17 22:30:23','2023-05-09 08:00:00'),(307,'Mia Johnson','Més enllà de la taula de classe','Més enllà de la taula de classe','En els últims anys, la tecnologia ha tingut un impacte revolucionari en molts àmbits de la nostra vida, incloent-hi educació. Les aules ja no són el lloc exclusiu on es produeix aprenentatge, sinó que la tecnologia ha obert noves oportunitats per aprendre des de qualsevol lloc i en qualsevol moment.',103,'http://mmbiz-qpic.wallstcn.com/mmbiz_jpg/ac9HVYE3uMI1icProqPbLxa7EdqfL7gYEjPSt8jJZULic937Ootlrlgk0TmviaU5NFZwgsssVPuljRpF0VrYbKkibw/0?wx_fmt=jpeg\n',0,'',2,NULL,'2018-01-17 22:30:23','2023-05-09 08:00:00'),(308,'Mia Johnson','Més enllà de la taula de classe','Més enllà de la taula de classe','En els últims anys, la tecnologia ha tingut un impacte revolucionari en molts àmbits de la nostra vida, incloent-hi educació. Les aules ja no són el lloc exclusiu on es produeix aprenentatge, sinó que la tecnologia ha obert noves oportunitats per aprendre des de qualsevol lloc i en qualsevol moment.',103,'http://mmbiz-qpic.wallstcn.com/mmbiz_jpg/ac9HVYE3uMI1icProqPbLxa7EdqfL7gYEjPSt8jJZULic937Ootlrlgk0TmviaU5NFZwgsssVPuljRpF0VrYbKkibw/0?wx_fmt=jpeg\n',0,'',2,NULL,'2018-01-17 22:30:23','2023-05-09 08:00:00'),(309,'Mia Johnson','Més enllà de la taula de classe','Més enllà de la taula de classe','En els últims anys, la tecnologia ha tingut un impacte revolucionari en molts àmbits de la nostra vida, incloent-hi educació. Les aules ja no són el lloc exclusiu on es produeix aprenentatge, sinó que la tecnologia ha obert noves oportunitats per aprendre des de qualsevol lloc i en qualsevol moment.',103,'http://mmbiz-qpic.wallstcn.com/mmbiz_jpg/ac9HVYE3uMI1icProqPbLxa7EdqfL7gYEjPSt8jJZULic937Ootlrlgk0TmviaU5NFZwgsssVPuljRpF0VrYbKkibw/0?wx_fmt=jpeg\n',0,'',2,NULL,'2018-01-17 22:30:23','2023-05-09 08:00:00'),(310,'Mia Johnson','Més enllà de la taula de classe','Més enllà de la taula de classe','En els últims anys, la tecnologia ha tingut un impacte revolucionari en molts àmbits de la nostra vida, incloent-hi educació. Les aules ja no són el lloc exclusiu on es produeix aprenentatge, sinó que la tecnologia ha obert noves oportunitats per aprendre des de qualsevol lloc i en qualsevol moment.',103,'http://mmbiz-qpic.wallstcn.com/mmbiz_jpg/ac9HVYE3uMI1icProqPbLxa7EdqfL7gYEjPSt8jJZULic937Ootlrlgk0TmviaU5NFZwgsssVPuljRpF0VrYbKkibw/0?wx_fmt=jpeg\n',0,'',2,NULL,'2018-01-17 22:30:23','2023-05-09 08:00:00'),(311,'Mia Johnson','Més enllà de la taula de classe','Més enllà de la taula de classe','En els últims anys, la tecnologia ha tingut un impacte revolucionari en molts àmbits de la nostra vida, incloent-hi educació. Les aules ja no són el lloc exclusiu on es produeix aprenentatge, sinó que la tecnologia ha obert noves oportunitats per aprendre des de qualsevol lloc i en qualsevol moment.',103,'http://mmbiz-qpic.wallstcn.com/mmbiz_jpg/ac9HVYE3uMI1icProqPbLxa7EdqfL7gYEjPSt8jJZULic937Ootlrlgk0TmviaU5NFZwgsssVPuljRpF0VrYbKkibw/0?wx_fmt=jpeg\n',0,'',2,NULL,'2018-01-17 22:30:23','2023-05-09 08:00:00'),(312,'Mia Johnson','Més enllà de la taula de classe','Més enllà de la taula de classe','En els últims anys, la tecnologia ha tingut un impacte revolucionari en molts àmbits de la nostra vida, incloent-hi educació. Les aules ja no són el lloc exclusiu on es produeix aprenentatge, sinó que la tecnologia ha obert noves oportunitats per aprendre des de qualsevol lloc i en qualsevol moment.',103,'http://mmbiz-qpic.wallstcn.com/mmbiz_jpg/ac9HVYE3uMI1icProqPbLxa7EdqfL7gYEjPSt8jJZULic937Ootlrlgk0TmviaU5NFZwgsssVPuljRpF0VrYbKkibw/0?wx_fmt=jpeg\n',0,'',2,NULL,'2018-01-17 22:30:23','2023-05-09 08:00:00'),(313,'Mia Johnson','Més enllà de la taula de classe','Més enllà de la taula de classe','En els últims anys, la tecnologia ha tingut un impacte revolucionari en molts àmbits de la nostra vida, incloent-hi educació. Les aules ja no són el lloc exclusiu on es produeix aprenentatge, sinó que la tecnologia ha obert noves oportunitats per aprendre des de qualsevol lloc i en qualsevol moment.',103,'http://mmbiz-qpic.wallstcn.com/mmbiz_jpg/ac9HVYE3uMI1icProqPbLxa7EdqfL7gYEjPSt8jJZULic937Ootlrlgk0TmviaU5NFZwgsssVPuljRpF0VrYbKkibw/0?wx_fmt=jpeg\n',0,'',2,NULL,'2018-01-17 22:30:23','2023-05-09 08:00:00'),(314,'Mia Johnson','Més enllà de la taula de classe','Més enllà de la taula de classe','En els últims anys, la tecnologia ha tingut un impacte revolucionari en molts àmbits de la nostra vida, incloent-hi educació. Les aules ja no són el lloc exclusiu on es produeix aprenentatge, sinó que la tecnologia ha obert noves oportunitats per aprendre des de qualsevol lloc i en qualsevol moment.',103,'http://mmbiz-qpic.wallstcn.com/mmbiz_jpg/ac9HVYE3uMI1icProqPbLxa7EdqfL7gYEjPSt8jJZULic937Ootlrlgk0TmviaU5NFZwgsssVPuljRpF0VrYbKkibw/0?wx_fmt=jpeg\n',0,'',2,NULL,'2018-01-17 22:30:23','2023-05-09 08:00:00'),(315,'Mia Johnson','Més enllà de la taula de classe','Més enllà de la taula de classe','En els últims anys, la tecnologia ha tingut un impacte revolucionari en molts àmbits de la nostra vida, incloent-hi educació. Les aules ja no són el lloc exclusiu on es produeix aprenentatge, sinó que la tecnologia ha obert noves oportunitats per aprendre des de qualsevol lloc i en qualsevol moment.',103,'http://mmbiz-qpic.wallstcn.com/mmbiz_jpg/ac9HVYE3uMI1icProqPbLxa7EdqfL7gYEjPSt8jJZULic937Ootlrlgk0TmviaU5NFZwgsssVPuljRpF0VrYbKkibw/0?wx_fmt=jpeg\n',0,'',2,NULL,'2018-01-17 22:30:23','2023-05-09 08:00:00'),(316,'Mia Johnson','Més enllà de la taula de classe','Més enllà de la taula de classe','En els últims anys, la tecnologia ha tingut un impacte revolucionari en molts àmbits de la nostra vida, incloent-hi educació. Les aules ja no són el lloc exclusiu on es produeix aprenentatge, sinó que la tecnologia ha obert noves oportunitats per aprendre des de qualsevol lloc i en qualsevol moment.',103,'http://mmbiz-qpic.wallstcn.com/mmbiz_jpg/ac9HVYE3uMI1icProqPbLxa7EdqfL7gYEjPSt8jJZULic937Ootlrlgk0TmviaU5NFZwgsssVPuljRpF0VrYbKkibw/0?wx_fmt=jpeg\n',0,'',2,NULL,'2018-01-17 22:30:23','2023-05-09 08:00:00'),(317,'Mia Johnson','Més enllà de la taula de classe','Més enllà de la taula de classe','En els últims anys, la tecnologia ha tingut un impacte revolucionari en molts àmbits de la nostra vida, incloent-hi educació. Les aules ja no són el lloc exclusiu on es produeix aprenentatge, sinó que la tecnologia ha obert noves oportunitats per aprendre des de qualsevol lloc i en qualsevol moment.',103,'http://mmbiz-qpic.wallstcn.com/mmbiz_jpg/ac9HVYE3uMI1icProqPbLxa7EdqfL7gYEjPSt8jJZULic937Ootlrlgk0TmviaU5NFZwgsssVPuljRpF0VrYbKkibw/0?wx_fmt=jpeg\n',0,'',2,NULL,'2018-01-17 22:30:23','2023-05-09 08:00:00'),(318,'Mia Johnson','Més enllà de la taula de classe','Més enllà de la taula de classe','En els últims anys, la tecnologia ha tingut un impacte revolucionari en molts àmbits de la nostra vida, incloent-hi educació. Les aules ja no són el lloc exclusiu on es produeix aprenentatge, sinó que la tecnologia ha obert noves oportunitats per aprendre des de qualsevol lloc i en qualsevol moment.',103,'http://mmbiz-qpic.wallstcn.com/mmbiz_jpg/ac9HVYE3uMI1icProqPbLxa7EdqfL7gYEjPSt8jJZULic937Ootlrlgk0TmviaU5NFZwgsssVPuljRpF0VrYbKkibw/0?wx_fmt=jpeg\n',0,'',2,NULL,'2018-01-17 22:30:23','2023-05-09 08:00:00'),(319,'Mia Johnson','Més enllà de la taula de classe','Més enllà de la taula de classe','En els últims anys, la tecnologia ha tingut un impacte revolucionari en molts àmbits de la nostra vida, incloent-hi educació. Les aules ja no són el lloc exclusiu on es produeix aprenentatge, sinó que la tecnologia ha obert noves oportunitats per aprendre des de qualsevol lloc i en qualsevol moment.',103,'http://mmbiz-qpic.wallstcn.com/mmbiz_jpg/ac9HVYE3uMI1icProqPbLxa7EdqfL7gYEjPSt8jJZULic937Ootlrlgk0TmviaU5NFZwgsssVPuljRpF0VrYbKkibw/0?wx_fmt=jpeg\n',0,'',2,NULL,'2018-01-17 22:30:23','2023-05-09 08:00:00'),(320,'Mia Johnson','Més enllà de la taula de classe','Més enllà de la taula de classe','En els últims anys, la tecnologia ha tingut un impacte revolucionari en molts àmbits de la nostra vida, incloent-hi educació. Les aules ja no són el lloc exclusiu on es produeix aprenentatge, sinó que la tecnologia ha obert noves oportunitats per aprendre des de qualsevol lloc i en qualsevol moment.',103,'http://mmbiz-qpic.wallstcn.com/mmbiz_jpg/ac9HVYE3uMI1icProqPbLxa7EdqfL7gYEjPSt8jJZULic937Ootlrlgk0TmviaU5NFZwgsssVPuljRpF0VrYbKkibw/0?wx_fmt=jpeg\n',0,'',2,NULL,'2018-01-17 22:30:23','2023-05-09 08:00:00'),(321,'Mia Johnson','Més enllà de la taula de classe','Més enllà de la taula de classe','En els últims anys, la tecnologia ha tingut un impacte revolucionari en molts àmbits de la nostra vida, incloent-hi educació. Les aules ja no són el lloc exclusiu on es produeix aprenentatge, sinó que la tecnologia ha obert noves oportunitats per aprendre des de qualsevol lloc i en qualsevol moment.',103,'http://mmbiz-qpic.wallstcn.com/mmbiz_jpg/ac9HVYE3uMI1icProqPbLxa7EdqfL7gYEjPSt8jJZULic937Ootlrlgk0TmviaU5NFZwgsssVPuljRpF0VrYbKkibw/0?wx_fmt=jpeg\n',0,'',2,NULL,'2018-01-17 22:30:23','2023-05-09 08:00:00'),(322,'Mia Johnson','Més enllà de la taula de classe','Més enllà de la taula de classe','En els últims anys, la tecnologia ha tingut un impacte revolucionari en molts àmbits de la nostra vida, incloent-hi educació. Les aules ja no són el lloc exclusiu on es produeix aprenentatge, sinó que la tecnologia ha obert noves oportunitats per aprendre des de qualsevol lloc i en qualsevol moment.',103,'http://mmbiz-qpic.wallstcn.com/mmbiz_jpg/ac9HVYE3uMI1icProqPbLxa7EdqfL7gYEjPSt8jJZULic937Ootlrlgk0TmviaU5NFZwgsssVPuljRpF0VrYbKkibw/0?wx_fmt=jpeg\n',0,'',2,NULL,'2018-01-17 22:30:23','2023-05-09 08:00:00'),(323,'Mia Johnson','Més enllà de la taula de classe','Més enllà de la taula de classe','En els últims anys, la tecnologia ha tingut un impacte revolucionari en molts àmbits de la nostra vida, incloent-hi educació. Les aules ja no són el lloc exclusiu on es produeix aprenentatge, sinó que la tecnologia ha obert noves oportunitats per aprendre des de qualsevol lloc i en qualsevol moment.',103,'http://mmbiz-qpic.wallstcn.com/mmbiz_jpg/ac9HVYE3uMI1icProqPbLxa7EdqfL7gYEjPSt8jJZULic937Ootlrlgk0TmviaU5NFZwgsssVPuljRpF0VrYbKkibw/0?wx_fmt=jpeg\n',0,'',2,NULL,'2018-01-17 22:30:23','2023-05-09 08:00:00'),(324,'Mia Johnson','Més enllà de la taula de classe','Més enllà de la taula de classe','En els últims anys, la tecnologia ha tingut un impacte revolucionari en molts àmbits de la nostra vida, incloent-hi educació. Les aules ja no són el lloc exclusiu on es produeix aprenentatge, sinó que la tecnologia ha obert noves oportunitats per aprendre des de qualsevol lloc i en qualsevol moment.',103,'http://mmbiz-qpic.wallstcn.com/mmbiz_jpg/ac9HVYE3uMI1icProqPbLxa7EdqfL7gYEjPSt8jJZULic937Ootlrlgk0TmviaU5NFZwgsssVPuljRpF0VrYbKkibw/0?wx_fmt=jpeg\n',0,'',1,NULL,'2018-01-17 22:30:23','2023-05-09 08:00:00'),(325,'Mia Johnson','Més enllà de la taula de classe','Més enllà de la taula de classe','En els últims anys, la tecnologia ha tingut un impacte revolucionari en molts àmbits de la nostra vida, incloent-hi educació. Les aules ja no són el lloc exclusiu on es produeix aprenentatge, sinó que la tecnologia ha obert noves oportunitats per aprendre des de qualsevol lloc i en qualsevol moment.',103,'http://mmbiz-qpic.wallstcn.com/mmbiz_jpg/ac9HVYE3uMI1icProqPbLxa7EdqfL7gYEjPSt8jJZULic937Ootlrlgk0TmviaU5NFZwgsssVPuljRpF0VrYbKkibw/0?wx_fmt=jpeg\n',0,'',1,NULL,'2018-01-17 22:30:23','2023-05-09 08:00:00'),(326,'Mia Johnson','Més enllà de la taula de classe','Més enllà de la taula de classe','En els últims anys, la tecnologia ha tingut un impacte revolucionari en molts àmbits de la nostra vida, incloent-hi educació. Les aules ja no són el lloc exclusiu on es produeix aprenentatge, sinó que la tecnologia ha obert noves oportunitats per aprendre des de qualsevol lloc i en qualsevol moment.',103,'http://mmbiz-qpic.wallstcn.com/mmbiz_jpg/ac9HVYE3uMI1icProqPbLxa7EdqfL7gYEjPSt8jJZULic937Ootlrlgk0TmviaU5NFZwgsssVPuljRpF0VrYbKkibw/0?wx_fmt=jpeg\n',0,'',1,NULL,'2018-01-17 22:30:23','2023-05-09 08:00:00'),(327,'Mia Johnson','Més enllà de la taula de classe','Més enllà de la taula de classe','En els últims anys, la tecnologia ha tingut un impacte revolucionari en molts àmbits de la nostra vida, incloent-hi educació. Les aules ja no són el lloc exclusiu on es produeix aprenentatge, sinó que la tecnologia ha obert noves oportunitats per aprendre des de qualsevol lloc i en qualsevol moment.',103,'http://mmbiz-qpic.wallstcn.com/mmbiz_jpg/ac9HVYE3uMI1icProqPbLxa7EdqfL7gYEjPSt8jJZULic937Ootlrlgk0TmviaU5NFZwgsssVPuljRpF0VrYbKkibw/0?wx_fmt=jpeg\n',0,'',1,NULL,'2018-01-17 22:30:23','2023-05-09 08:00:00'),(328,'Mia Johnson','Més enllà de la taula de classe','Més enllà de la taula de classe','En els últims anys, la tecnologia ha tingut un impacte revolucionari en molts àmbits de la nostra vida, incloent-hi educació. Les aules ja no són el lloc exclusiu on es produeix aprenentatge, sinó que la tecnologia ha obert noves oportunitats per aprendre des de qualsevol lloc i en qualsevol moment.',103,'http://mmbiz-qpic.wallstcn.com/mmbiz_jpg/ac9HVYE3uMI1icProqPbLxa7EdqfL7gYEjPSt8jJZULic937Ootlrlgk0TmviaU5NFZwgsssVPuljRpF0VrYbKkibw/0?wx_fmt=jpeg\n',0,'',1,NULL,'2018-01-17 22:30:23','2023-05-09 08:00:00'),(329,'Mia Johnson','Més enllà de la taula de classe','Més enllà de la taula de classe','En els últims anys, la tecnologia ha tingut un impacte revolucionari en molts àmbits de la nostra vida, incloent-hi educació. Les aules ja no són el lloc exclusiu on es produeix aprenentatge, sinó que la tecnologia ha obert noves oportunitats per aprendre des de qualsevol lloc i en qualsevol moment.',103,'http://mmbiz-qpic.wallstcn.com/mmbiz_jpg/ac9HVYE3uMI1icProqPbLxa7EdqfL7gYEjPSt8jJZULic937Ootlrlgk0TmviaU5NFZwgsssVPuljRpF0VrYbKkibw/0?wx_fmt=jpeg\n',0,'',1,NULL,'2018-01-17 22:30:23','2023-05-09 08:00:00'),(330,'Mia Johnson','Més enllà de la taula de classe','Més enllà de la taula de classe','En els últims anys, la tecnologia ha tingut un impacte revolucionari en molts àmbits de la nostra vida, incloent-hi educació. Les aules ja no són el lloc exclusiu on es produeix aprenentatge, sinó que la tecnologia ha obert noves oportunitats per aprendre des de qualsevol lloc i en qualsevol moment.',103,'http://mmbiz-qpic.wallstcn.com/mmbiz_jpg/ac9HVYE3uMI1icProqPbLxa7EdqfL7gYEjPSt8jJZULic937Ootlrlgk0TmviaU5NFZwgsssVPuljRpF0VrYbKkibw/0?wx_fmt=jpeg\n',0,'',1,NULL,'2018-01-17 22:30:23','2023-05-09 08:00:00'),(331,'Mia Johnson','Més enllà de la taula de classe','Més enllà de la taula de classe','En els últims anys, la tecnologia ha tingut un impacte revolucionari en molts àmbits de la nostra vida, incloent-hi educació. Les aules ja no són el lloc exclusiu on es produeix aprenentatge, sinó que la tecnologia ha obert noves oportunitats per aprendre des de qualsevol lloc i en qualsevol moment.',103,'http://mmbiz-qpic.wallstcn.com/mmbiz_jpg/ac9HVYE3uMI1icProqPbLxa7EdqfL7gYEjPSt8jJZULic937Ootlrlgk0TmviaU5NFZwgsssVPuljRpF0VrYbKkibw/0?wx_fmt=jpeg\n',0,'',1,NULL,'2018-01-17 22:30:23','2023-05-09 08:00:00'),(332,'Mia Johnson','Més enllà de la taula de classe','Més enllà de la taula de classe','En els últims anys, la tecnologia ha tingut un impacte revolucionari en molts àmbits de la nostra vida, incloent-hi educació. Les aules ja no són el lloc exclusiu on es produeix aprenentatge, sinó que la tecnologia ha obert noves oportunitats per aprendre des de qualsevol lloc i en qualsevol moment.',103,'http://mmbiz-qpic.wallstcn.com/mmbiz_jpg/ac9HVYE3uMI1icProqPbLxa7EdqfL7gYEjPSt8jJZULic937Ootlrlgk0TmviaU5NFZwgsssVPuljRpF0VrYbKkibw/0?wx_fmt=jpeg\n',0,'',1,NULL,'2018-01-17 22:30:23','2023-05-09 08:00:00'),(333,'Mia Johnson','Més enllà de la taula de classe','Més enllà de la taula de classe','En els últims anys, la tecnologia ha tingut un impacte revolucionari en molts àmbits de la nostra vida, incloent-hi educació. Les aules ja no són el lloc exclusiu on es produeix aprenentatge, sinó que la tecnologia ha obert noves oportunitats per aprendre des de qualsevol lloc i en qualsevol moment.',103,'http://mmbiz-qpic.wallstcn.com/mmbiz_jpg/ac9HVYE3uMI1icProqPbLxa7EdqfL7gYEjPSt8jJZULic937Ootlrlgk0TmviaU5NFZwgsssVPuljRpF0VrYbKkibw/0?wx_fmt=jpeg\n',0,'',1,NULL,'2018-01-17 22:30:23','2023-05-09 08:00:00'),(334,'Mia Johnson','Més enllà de la taula de classe','Més enllà de la taula de classe','En els últims anys, la tecnologia ha tingut un impacte revolucionari en molts àmbits de la nostra vida, incloent-hi educació. Les aules ja no són el lloc exclusiu on es produeix aprenentatge, sinó que la tecnologia ha obert noves oportunitats per aprendre des de qualsevol lloc i en qualsevol moment.',103,'http://mmbiz-qpic.wallstcn.com/mmbiz_jpg/ac9HVYE3uMI1icProqPbLxa7EdqfL7gYEjPSt8jJZULic937Ootlrlgk0TmviaU5NFZwgsssVPuljRpF0VrYbKkibw/0?wx_fmt=jpeg\n',0,'',1,NULL,'2018-01-17 22:30:23','2023-05-09 08:00:00'),(335,'Mia Johnson','Més enllà de la taula de classe','Més enllà de la taula de classe','En els últims anys, la tecnologia ha tingut un impacte revolucionari en molts àmbits de la nostra vida, incloent-hi educació. Les aules ja no són el lloc exclusiu on es produeix aprenentatge, sinó que la tecnologia ha obert noves oportunitats per aprendre des de qualsevol lloc i en qualsevol moment.',103,'http://mmbiz-qpic.wallstcn.com/mmbiz_jpg/ac9HVYE3uMI1icProqPbLxa7EdqfL7gYEjPSt8jJZULic937Ootlrlgk0TmviaU5NFZwgsssVPuljRpF0VrYbKkibw/0?wx_fmt=jpeg\n',0,'',1,NULL,'2018-01-17 22:30:23','2023-05-09 08:00:00'),(336,'Mia Johnson','Més enllà de la taula de classe','Més enllà de la taula de classe','En els últims anys, la tecnologia ha tingut un impacte revolucionari en molts àmbits de la nostra vida, incloent-hi educació. Les aules ja no són el lloc exclusiu on es produeix aprenentatge, sinó que la tecnologia ha obert noves oportunitats per aprendre des de qualsevol lloc i en qualsevol moment.',103,'http://mmbiz-qpic.wallstcn.com/mmbiz_jpg/ac9HVYE3uMI1icProqPbLxa7EdqfL7gYEjPSt8jJZULic937Ootlrlgk0TmviaU5NFZwgsssVPuljRpF0VrYbKkibw/0?wx_fmt=jpeg\n',0,'',1,NULL,'2018-01-17 22:30:23','2023-05-09 08:00:00'),(337,'Mia Johnson','Més enllà de la taula de classe','Més enllà de la taula de classe','En els últims anys, la tecnologia ha tingut un impacte revolucionari en molts àmbits de la nostra vida, incloent-hi educació. Les aules ja no són el lloc exclusiu on es produeix aprenentatge, sinó que la tecnologia ha obert noves oportunitats per aprendre des de qualsevol lloc i en qualsevol moment.',103,'http://mmbiz-qpic.wallstcn.com/mmbiz_jpg/ac9HVYE3uMI1icProqPbLxa7EdqfL7gYEjPSt8jJZULic937Ootlrlgk0TmviaU5NFZwgsssVPuljRpF0VrYbKkibw/0?wx_fmt=jpeg\n',0,'',1,NULL,'2018-01-17 22:30:23','2023-05-09 08:00:00'),(338,'Mia Johnson','Més enllà de la taula de classe','Més enllà de la taula de classe','En els últims anys, la tecnologia ha tingut un impacte revolucionari en molts àmbits de la nostra vida, incloent-hi educació. Les aules ja no són el lloc exclusiu on es produeix aprenentatge, sinó que la tecnologia ha obert noves oportunitats per aprendre des de qualsevol lloc i en qualsevol moment.',103,'http://mmbiz-qpic.wallstcn.com/mmbiz_jpg/ac9HVYE3uMI1icProqPbLxa7EdqfL7gYEjPSt8jJZULic937Ootlrlgk0TmviaU5NFZwgsssVPuljRpF0VrYbKkibw/0?wx_fmt=jpeg\n',0,'',1,NULL,'2018-01-17 22:30:23','2023-05-09 08:00:00'),(339,'Mia Johnson','Més enllà de la taula de classe','Més enllà de la taula de classe','En els últims anys, la tecnologia ha tingut un impacte revolucionari en molts àmbits de la nostra vida, incloent-hi educació. Les aules ja no són el lloc exclusiu on es produeix aprenentatge, sinó que la tecnologia ha obert noves oportunitats per aprendre des de qualsevol lloc i en qualsevol moment.',103,'http://mmbiz-qpic.wallstcn.com/mmbiz_jpg/ac9HVYE3uMI1icProqPbLxa7EdqfL7gYEjPSt8jJZULic937Ootlrlgk0TmviaU5NFZwgsssVPuljRpF0VrYbKkibw/0?wx_fmt=jpeg\n',0,'',1,NULL,'2018-01-17 22:30:23','2023-05-09 08:00:00'),(340,'Mia Johnson','Més enllà de la taula de classe','Més enllà de la taula de classe','En els últims anys, la tecnologia ha tingut un impacte revolucionari en molts àmbits de la nostra vida, incloent-hi educació. Les aules ja no són el lloc exclusiu on es produeix aprenentatge, sinó que la tecnologia ha obert noves oportunitats per aprendre des de qualsevol lloc i en qualsevol moment.',103,'http://mmbiz-qpic.wallstcn.com/mmbiz_jpg/ac9HVYE3uMI1icProqPbLxa7EdqfL7gYEjPSt8jJZULic937Ootlrlgk0TmviaU5NFZwgsssVPuljRpF0VrYbKkibw/0?wx_fmt=jpeg\n',0,'',1,NULL,'2018-01-17 22:30:23','2023-05-09 08:00:00'),(341,'Mia Johnson','Més enllà de la taula de classe','Més enllà de la taula de classe','En els últims anys, la tecnologia ha tingut un impacte revolucionari en molts àmbits de la nostra vida, incloent-hi educació. Les aules ja no són el lloc exclusiu on es produeix aprenentatge, sinó que la tecnologia ha obert noves oportunitats per aprendre des de qualsevol lloc i en qualsevol moment.',103,'http://mmbiz-qpic.wallstcn.com/mmbiz_jpg/ac9HVYE3uMI1icProqPbLxa7EdqfL7gYEjPSt8jJZULic937Ootlrlgk0TmviaU5NFZwgsssVPuljRpF0VrYbKkibw/0?wx_fmt=jpeg\n',0,'',1,NULL,'2018-01-17 22:30:23','2023-05-09 08:00:00'),(342,'Mia Johnson','Més enllà de la taula de classe','Més enllà de la taula de classe','En els últims anys, la tecnologia ha tingut un impacte revolucionari en molts àmbits de la nostra vida, incloent-hi educació. Les aules ja no són el lloc exclusiu on es produeix aprenentatge, sinó que la tecnologia ha obert noves oportunitats per aprendre des de qualsevol lloc i en qualsevol moment.',103,'http://mmbiz-qpic.wallstcn.com/mmbiz_jpg/ac9HVYE3uMI1icProqPbLxa7EdqfL7gYEjPSt8jJZULic937Ootlrlgk0TmviaU5NFZwgsssVPuljRpF0VrYbKkibw/0?wx_fmt=jpeg\n',0,'',1,NULL,'2018-01-17 22:30:23','2023-05-09 08:00:00'),(343,'Mia Johnson','Més enllà de la taula de classe','Més enllà de la taula de classe','En els últims anys, la tecnologia ha tingut un impacte revolucionari en molts àmbits de la nostra vida, incloent-hi educació. Les aules ja no són el lloc exclusiu on es produeix aprenentatge, sinó que la tecnologia ha obert noves oportunitats per aprendre des de qualsevol lloc i en qualsevol moment.',103,'http://mmbiz-qpic.wallstcn.com/mmbiz_jpg/ac9HVYE3uMI1icProqPbLxa7EdqfL7gYEjPSt8jJZULic937Ootlrlgk0TmviaU5NFZwgsssVPuljRpF0VrYbKkibw/0?wx_fmt=jpeg\n',0,'',1,NULL,'2018-01-17 22:30:23','2023-05-09 08:00:00'),(344,'Mia Johnson','Més enllà de la taula de classe','Més enllà de la taula de classe','En els últims anys, la tecnologia ha tingut un impacte revolucionari en molts àmbits de la nostra vida, incloent-hi educació. Les aules ja no són el lloc exclusiu on es produeix aprenentatge, sinó que la tecnologia ha obert noves oportunitats per aprendre des de qualsevol lloc i en qualsevol moment.',103,'http://mmbiz-qpic.wallstcn.com/mmbiz_jpg/ac9HVYE3uMI1icProqPbLxa7EdqfL7gYEjPSt8jJZULic937Ootlrlgk0TmviaU5NFZwgsssVPuljRpF0VrYbKkibw/0?wx_fmt=jpeg\n',0,'',1,NULL,'2018-01-17 22:30:23','2023-05-09 08:00:00'),(345,'Mia Johnson','Més enllà de la taula de classe','Més enllà de la taula de classe','En els últims anys, la tecnologia ha tingut un impacte revolucionari en molts àmbits de la nostra vida, incloent-hi educació. Les aules ja no són el lloc exclusiu on es produeix aprenentatge, sinó que la tecnologia ha obert noves oportunitats per aprendre des de qualsevol lloc i en qualsevol moment.',103,'http://mmbiz-qpic.wallstcn.com/mmbiz_jpg/ac9HVYE3uMI1icProqPbLxa7EdqfL7gYEjPSt8jJZULic937Ootlrlgk0TmviaU5NFZwgsssVPuljRpF0VrYbKkibw/0?wx_fmt=jpeg\n',0,'',1,NULL,'2018-01-17 22:30:23','2023-05-09 08:00:00'),(346,'Mia Johnson','Més enllà de la taula de classe','Més enllà de la taula de classe','En els últims anys, la tecnologia ha tingut un impacte revolucionari en molts àmbits de la nostra vida, incloent-hi educació. Les aules ja no són el lloc exclusiu on es produeix aprenentatge, sinó que la tecnologia ha obert noves oportunitats per aprendre des de qualsevol lloc i en qualsevol moment.',103,'http://mmbiz-qpic.wallstcn.com/mmbiz_jpg/ac9HVYE3uMI1icProqPbLxa7EdqfL7gYEjPSt8jJZULic937Ootlrlgk0TmviaU5NFZwgsssVPuljRpF0VrYbKkibw/0?wx_fmt=jpeg\n',0,'',1,NULL,'2018-01-17 22:30:23','2023-05-09 08:00:00'),(347,'Mia Johnson','Més enllà de la taula de classe','Més enllà de la taula de classe','En els últims anys, la tecnologia ha tingut un impacte revolucionari en molts àmbits de la nostra vida, incloent-hi educació. Les aules ja no són el lloc exclusiu on es produeix aprenentatge, sinó que la tecnologia ha obert noves oportunitats per aprendre des de qualsevol lloc i en qualsevol moment.',103,'http://mmbiz-qpic.wallstcn.com/mmbiz_jpg/ac9HVYE3uMI1icProqPbLxa7EdqfL7gYEjPSt8jJZULic937Ootlrlgk0TmviaU5NFZwgsssVPuljRpF0VrYbKkibw/0?wx_fmt=jpeg\n',0,'',1,NULL,'2018-01-17 22:30:23','2023-05-09 08:00:00'),(348,'Mia Johnson','Més enllà de la taula de classe','Més enllà de la taula de classe','En els últims anys, la tecnologia ha tingut un impacte revolucionari en molts àmbits de la nostra vida, incloent-hi educació. Les aules ja no són el lloc exclusiu on es produeix aprenentatge, sinó que la tecnologia ha obert noves oportunitats per aprendre des de qualsevol lloc i en qualsevol moment.',103,'http://mmbiz-qpic.wallstcn.com/mmbiz_jpg/ac9HVYE3uMI1icProqPbLxa7EdqfL7gYEjPSt8jJZULic937Ootlrlgk0TmviaU5NFZwgsssVPuljRpF0VrYbKkibw/0?wx_fmt=jpeg\n',0,'',1,NULL,'2018-01-17 22:30:23','2023-05-09 08:00:00'),(349,'Mia Johnson','Més enllà de la taula de classe','Més enllà de la taula de classe','En els últims anys, la tecnologia ha tingut un impacte revolucionari en molts àmbits de la nostra vida, incloent-hi educació. Les aules ja no són el lloc exclusiu on es produeix aprenentatge, sinó que la tecnologia ha obert noves oportunitats per aprendre des de qualsevol lloc i en qualsevol moment.',103,'http://mmbiz-qpic.wallstcn.com/mmbiz_jpg/ac9HVYE3uMI1icProqPbLxa7EdqfL7gYEjPSt8jJZULic937Ootlrlgk0TmviaU5NFZwgsssVPuljRpF0VrYbKkibw/0?wx_fmt=jpeg\n',0,'',1,NULL,'2018-01-17 22:30:23','2023-05-09 08:00:00');
/*!40000 ALTER TABLE `bbs_article` ENABLE KEYS */;
UNLOCK TABLES;

--
-- Table structure for table `bbs_category`
--

DROP TABLE IF EXISTS `bbs_category`;
/*!40101 SET @saved_cs_client     = @@character_set_client */;
/*!40101 SET character_set_client = utf8 */;
CREATE TABLE `bbs_category` (
  `id` int(11) NOT NULL AUTO_INCREMENT,
  `name` varchar(64) NOT NULL,
  `create_time` datetime DEFAULT NULL,
  `update_time` datetime DEFAULT NULL,
  PRIMARY KEY (`id`)
) ENGINE=MyISAM AUTO_INCREMENT=7 DEFAULT CHARSET=utf8mb4;
/*!40101 SET character_set_client = @saved_cs_client */;

--
-- Dumping data for table `bbs_category`
--

LOCK TABLES `bbs_category` WRITE;
/*!40000 ALTER TABLE `bbs_category` DISABLE KEYS */;
INSERT INTO `bbs_category` VALUES (1,'INSERT INTO `bbs_category` (name) VALUES (\'Educacion\');',NULL,NULL),(2,'INSERT INTO `bbs_category` (name) VALUES (\'Tecnologia\');',NULL,NULL),(3,'INSERT INTO `bbs_category` (name) VALUES (\'Cultura\');',NULL,NULL);
/*!40000 ALTER TABLE `bbs_category` ENABLE KEYS */;
UNLOCK TABLES;

--
-- Table structure for table `bbs_comment`
--

DROP TABLE IF EXISTS `bbs_comment`;
/*!40101 SET @saved_cs_client     = @@character_set_client */;
/*!40101 SET character_set_client = utf8 */;
CREATE TABLE `bbs_comment` (
  `id` int(11) NOT NULL AUTO_INCREMENT,
  `content` text NOT NULL,
  `like_count` int(11) DEFAULT NULL,
  `user_id` int(11) NOT NULL,
  `article_id` int(11) NOT NULL,
  `parent_id` int(11) DEFAULT NULL,
  `create_time` datetime DEFAULT NULL,
  `update_time` datetime DEFAULT NULL,
  PRIMARY KEY (`id`),
  KEY `article_id` (`article_id`),
  KEY `parent_id` (`parent_id`),
  KEY `user_id` (`user_id`)
) ENGINE=MyISAM DEFAULT CHARSET=utf8mb4;
/*!40101 SET character_set_client = @saved_cs_client */;

--
-- Dumping data for table `bbs_comment`
--

LOCK TABLES `bbs_comment` WRITE;
/*!40000 ALTER TABLE `bbs_comment` DISABLE KEYS */;
/*!40000 ALTER TABLE `bbs_comment` ENABLE KEYS */;
UNLOCK TABLES;

--
-- Table structure for table `bbs_comment_like`
--

DROP TABLE IF EXISTS `bbs_comment_like`;
/*!40101 SET @saved_cs_client     = @@character_set_client */;
/*!40101 SET character_set_client = utf8 */;
CREATE TABLE `bbs_comment_like` (
  `user_id` int(11) NOT NULL,
  `comment_id` int(11) NOT NULL,
  `create_time` datetime DEFAULT NULL,
  `update_time` datetime DEFAULT NULL,
  PRIMARY KEY (`user_id`,`comment_id`),
  KEY `comment_id` (`comment_id`)
) ENGINE=MyISAM DEFAULT CHARSET=utf8mb4;
/*!40101 SET character_set_client = @saved_cs_client */;

--
-- Dumping data for table `bbs_comment_like`
--

LOCK TABLES `bbs_comment_like` WRITE;
/*!40000 ALTER TABLE `bbs_comment_like` DISABLE KEYS */;
/*!40000 ALTER TABLE `bbs_comment_like` ENABLE KEYS */;
UNLOCK TABLES;

--
-- Table structure for table `bbs_user`
--

DROP TABLE IF EXISTS `bbs_user`;
/*!40101 SET @saved_cs_client     = @@character_set_client */;
/*!40101 SET character_set_client = utf8 */;
CREATE TABLE `bbs_user` (
  `create_time` datetime DEFAULT NULL,
  `update_time` datetime DEFAULT NULL,
  `id` int(11) NOT NULL AUTO_INCREMENT,
  `nick_name` varchar(32) NOT NULL,
  `password_hash` varchar(128) NOT NULL,
  `mobile` varchar(11) NOT NULL,
  `email` varchar(50) DEFAULT NULL,
  `avatar_url` varchar(256) DEFAULT NULL,
  `last_login` datetime DEFAULT NULL,
  `is_admin` tinyint(1) DEFAULT NULL,
  `signature` varchar(512) DEFAULT NULL,
  `gender` enum('MAN','WOMAN') DEFAULT NULL,
  PRIMARY KEY (`id`),
  UNIQUE KEY `mobile` (`mobile`),
  UNIQUE KEY `nick_name` (`nick_name`)
) ENGINE=MyISAM AUTO_INCREMENT=18 DEFAULT CHARSET=utf8mb4;
/*!40101 SET character_set_client = @saved_cs_client */;

--
-- Dumping data for table `bbs_user`
--

LOCK TABLES `bbs_user` WRITE;
/*!40000 ALTER TABLE `bbs_user` DISABLE KEYS */;
INSERT INTO `bbs_user` VALUES ('2023-05-10 15:14:56','2023-05-10 15:14:56',14,'yu','pbkdf2:sha256:600000$FkdwRNzCPMUPS81e$5ed71fb6fd5de5153c95aaa2ae48f0e52a439c1462b4e8e1131d9f3950b61f3c','635658931',NULL,NULL,'2023-05-10 15:14:56',0,NULL,'MAN'),('2023-05-10 15:21:31','2023-05-10 15:21:31',15,'yuu','pbkdf2:sha256:600000$rRMtAUXBwFar50lR$2e45a8442844fb8d852d29724b4696b0fec325aa2ecd7c1091dcfb3740b4ad21','635666838',NULL,NULL,'2023-05-10 15:21:31',0,NULL,'MAN'),('2023-05-10 15:29:53','2023-05-10 15:29:53',16,'wee','pbkdf2:sha256:600000$GHKFMUputKJH82OP$84f874a08845d21a28b730536d68494870d88783d19897b91745343d6020e02b','645634633',NULL,NULL,'2023-05-10 15:29:53',0,NULL,'MAN'),('2023-05-10 15:32:11','2023-05-10 15:32:11',17,'we','pbkdf2:sha256:600000$z7IsPJSCGlsFRnLD$b8185bcef5b00bc515fd825f6c1eebb34f7f2407e581c4e5f5eacb55f08b0f13','645634123',NULL,NULL,'2023-05-10 15:32:11',0,NULL,'MAN'),('2023-05-10 15:02:47','2023-05-10 15:02:47',13,'ronghua','pbkdf2:sha256:600000$qKw9QGOntklOyH3X$adf451c862a8107c45e0e200852a2bbd5cc05336a4169a0c778eb33d05bf5aac','684122626',NULL,NULL,'2023-05-10 15:02:47',0,NULL,'MAN');
/*!40000 ALTER TABLE `bbs_user` ENABLE KEYS */;
UNLOCK TABLES;

--
-- Table structure for table `bbs_user_collection`
--

DROP TABLE IF EXISTS `bbs_user_collection`;
/*!40101 SET @saved_cs_client     = @@character_set_client */;
/*!40101 SET character_set_client = utf8 */;
CREATE TABLE `bbs_user_collection` (
  `user_id` int(11) NOT NULL,
  `article_id` int(11) NOT NULL,
  `create_time` datetime DEFAULT NULL,
  PRIMARY KEY (`user_id`,`article_id`),
  KEY `article_id` (`article_id`)
) ENGINE=MyISAM DEFAULT CHARSET=utf8mb4;
/*!40101 SET character_set_client = @saved_cs_client */;

--
-- Dumping data for table `bbs_user_collection`
--

LOCK TABLES `bbs_user_collection` WRITE;
/*!40000 ALTER TABLE `bbs_user_collection` DISABLE KEYS */;
/*!40000 ALTER TABLE `bbs_user_collection` ENABLE KEYS */;
UNLOCK TABLES;

--
-- Table structure for table `bbs_user_fans`
--

DROP TABLE IF EXISTS `bbs_user_fans`;
/*!40101 SET @saved_cs_client     = @@character_set_client */;
/*!40101 SET character_set_client = utf8 */;
CREATE TABLE `bbs_user_fans` (
  `follower_id` int(11) NOT NULL,
  `followed_id` int(11) NOT NULL,
  PRIMARY KEY (`follower_id`,`followed_id`),
  KEY `followed_id` (`followed_id`)
) ENGINE=MyISAM DEFAULT CHARSET=utf8mb4;
/*!40101 SET character_set_client = @saved_cs_client */;

--
-- Dumping data for table `bbs_user_fans`
--

LOCK TABLES `bbs_user_fans` WRITE;
/*!40000 ALTER TABLE `bbs_user_fans` DISABLE KEYS */;
/*!40000 ALTER TABLE `bbs_user_fans` ENABLE KEYS */;
UNLOCK TABLES;
/*!40103 SET TIME_ZONE=@OLD_TIME_ZONE */;

/*!40101 SET SQL_MODE=@OLD_SQL_MODE */;
/*!40014 SET FOREIGN_KEY_CHECKS=@OLD_FOREIGN_KEY_CHECKS */;
/*!40014 SET UNIQUE_CHECKS=@OLD_UNIQUE_CHECKS */;
/*!40101 SET CHARACTER_SET_CLIENT=@OLD_CHARACTER_SET_CLIENT */;
/*!40101 SET CHARACTER_SET_RESULTS=@OLD_CHARACTER_SET_RESULTS */;
/*!40101 SET COLLATION_CONNECTION=@OLD_COLLATION_CONNECTION */;
/*!40111 SET SQL_NOTES=@OLD_SQL_NOTES */;

-- Dump completed on 2023-05-11 11:35:15
